Wavelength,ref
2.500119381,0.0485018
2.501325703,0.0485871
2.502533189,0.0485716
2.503741215,0.0484416
2.504951036,0.0483149
2.506161398,0.0481882
2.507373559,0.0480233
2.508586264,0.0478642
2.509800772,0.0479383
2.511015826,0.0480661
2.512232689,0.0480548
2.513450732,0.0481164
2.514669323,0.0481919
2.515889731,0.0481571
2.517110689,0.0482331
2.518333468,0.0484042
2.5195568,0.0485137
2.520781957,0.0485404
2.522007669,0.0485941
2.523235211,0.0488357
2.524463312,0.0491334
2.525693246,0.0492484
2.526924379,0.0492413
2.528156074,0.049244
2.52938961,0.049303
2.53062371,0.049398
2.531859656,0.0495282
2.533096168,0.0495201
2.534334531,0.0492969
2.535573462,0.0492239
2.536814248,0.0491439
2.538055606,0.0490452
2.539298823,0.0490564
2.540542614,0.0490062
2.54178827,0.0489605
2.543035148,0.0488245
2.544282603,0.0484571
2.54553193,0.048185
2.546781836,0.0481687
2.548033619,0.0482082
2.549285983,0.0480909
2.55054023,0.048084
2.55179506,0.0481513
2.553051778,0.0480873
2.554309734,0.0479051
2.555568277,0.047932
2.556828714,0.0479938
2.558089741,0.0480123
2.559352668,0.0483024
2.560616187,0.0487788
2.56188161,0.0490639
2.563147627,0.0491419
2.564415554,0.0490637
2.565684736,0.0488455
2.566954516,0.0487079
2.568225554,0.0489668
2.569498511,0.0493287
2.570772731,0.0493154
2.572047553,0.0493776
2.573324303,0.0496285
2.574601658,0.0494404
2.575880945,0.0494093
2.57716084,0.0495315
2.578442672,0.0493073
2.579725115,0.0491611
2.5810095,0.0492374
2.582295165,0.0492849
2.583581443,0.0495824
2.584869672,0.0494683
2.586158518,0.0492678
2.587449318,0.0493389
2.588740738,0.0491498
2.590034119,0.0488683
2.59132812,0.0486262
2.592624088,0.0488869
2.593921353,0.049882
2.595219243,0.0503955
2.596519106,0.0495463
2.597819598,0.0488803
2.599122069,0.0487029
2.60042517,0.0488743
2.601730255,0.0491243
2.603035973,0.0493084
2.604343681,0.0496376
2.605652024,0.0498979
2.606962362,0.0497562
2.608274019,0.0496793
2.609586315,0.0496581
2.610900615,0.049556
2.612215556,0.0495757
2.613532505,0.0496801
2.6148501,0.0498242
2.616169708,0.0504257
2.617489963,0.0504709
2.618812238,0.0500909
2.620135849,0.0503273
2.621460111,0.0500139
2.622785713,0.0495764
2.624113345,0.0495906
2.625442321,0.0498384
2.626771955,0.050066
2.628103626,0.0498546
2.629435957,0.0499851
2.630770332,0.0500641
2.632105368,0.0496635
2.633442454,0.0495269
2.634780205,0.0493836
2.636120011,0.049196
2.63746118,0.049136
2.638803018,0.0492036
2.640146919,0.0493097
2.641491492,0.0494176
2.642838133,0.049415
2.644185449,0.0494344
2.64553484,0.0497215
2.646884908,0.0497062
2.648237055,0.0495989
2.649590585,0.0496648
2.650944797,0.0499424
2.652301097,0.0504009
2.653658081,0.0504884
2.655017159,0.0504377
2.656376925,0.050383
2.657738791,0.0503604
2.659101346,0.0506607
2.660466007,0.0507544
2.661831361,0.0507307
2.663198827,0.0509464
2.664567698,0.0516145
2.665937266,0.051925
2.667308955,0.0516051
2.668681343,0.0513703
2.670055858,0.0519404
2.671431075,0.0515423
2.672808424,0.0506434
2.674186479,0.0503965
2.675566672,0.0506351
2.67694829,0.0508589
2.678330618,0.0506735
2.679715093,0.0503574
2.681100281,0.0499344
2.682487621,0.0498878
2.683875678,0.0499015
2.685265892,0.0497185
2.686656826,0.0496799
2.688049925,0.0497075
2.689444468,0.0496906
2.690839736,0.0498003
2.692236452,0.0501521
2.693635344,0.0505718
2.69503569,0.0505017
2.696436767,0.0501972
2.697840028,0.050057
2.699244023,0.0500831
2.700650209,0.0502415
2.70205713,0.0503081
2.703466249,0.0502862
2.704876107,0.0502534
2.706288169,0.0501937
2.707701706,0.0503325
2.709115986,0.0508101
2.710532479,0.0511828
2.711949718,0.050731
2.713369177,0.0501626
2.714789385,0.0500421
2.716211819,0.0500155
2.717635005,0.0500073
2.719060423,0.0502247
2.720486597,0.0506444
2.721915009,0.0501775
2.723344921,0.0500217
2.724775594,0.0501444
2.726208515,0.049594
2.727642199,0.0490645
2.729078137,0.0488412
2.730514841,0.0487717
2.731953806,0.0487395
2.733393541,0.0488257
2.734835542,0.0490924
2.736279065,0.0490339
2.737723364,0.0491067
2.739169938,0.0496747
2.740617291,0.0498725
2.742066926,0.0494851
2.743517343,0.0491145
2.744970048,0.0489932
2.746423539,0.0489753
2.747879324,0.0492195
2.749336654,0.0495085
2.750794773,0.0497963
2.75225444,0.0500352
2.753716416,0.0503102
2.755179945,0.0508677
2.756644271,0.0506439
2.758110915,0.0500774
2.759578359,0.0498267
2.761048127,0.0498855
2.762518699,0.0500274
2.763991602,0.0496818
2.765465312,0.0492861
2.766941359,0.0491133
2.768418984,0.0487432
2.76989742,0.048321
2.771378204,0.0478813
2.772859803,0.0473205
2.774343757,0.0470119
2.775828529,0.047075
2.777315663,0.0474814
2.778803619,0.048031
2.780293944,0.048596
2.781785868,0.0490959
2.783278619,0.0494339
2.784773748,0.0498431
2.786269709,0.0503889
2.787768054,0.0507275
2.789267234,0.0507252
2.790768807,0.0507905
2.792271217,0.0509133
2.793776026,0.0509583
2.795281676,0.0510585
2.796789733,0.0511755
2.798299417,0.0512299
2.799809949,0.051346
2.801322897,0.0516468
2.802836695,0.0520104
2.804352917,0.0520024
2.805869992,0.0517643
2.807389498,0.0516552
2.808909862,0.0516122
2.810432663,0.0514744
2.811957117,0.0513271
2.813482433,0.0513162
2.815010197,0.0513467
2.816538829,0.0512714
2.818069915,0.0512281
2.819601872,0.0512036
2.821136292,0.0510516
2.822671585,0.0508492
2.824209348,0.0506836
2.825748788,0.0506369
2.827289108,0.0506375
2.828831107,0.0506484
2.830375591,0.0507376
2.831921762,0.0509193
2.83346882,0.0510912
2.835018374,0.0511649
2.836568818,0.0511333
2.838121765,0.0511956
2.839675607,0.05127
2.841231958,0.0513969
2.842789208,0.0515249
2.844348975,0.0516097
2.845910455,0.0517127
2.847472839,0.0518423
2.849037752,0.051964
2.850603573,0.0520044
2.852171929,0.0519629
2.853741198,0.0519576
2.855313009,0.0519735
2.856885737,0.0519043
2.858461016,0.0517922
2.860037215,0.0517468
2.861615972,0.0515546
2.863196473,0.0513342
2.864777899,0.0512663
2.866361896,0.0511473
2.867946823,0.0509354
2.869534326,0.0507881
2.871122764,0.0506561
2.872713787,0.0505133
2.874305747,0.0504258
2.875900301,0.0503315
2.877496624,0.0502284
2.879093892,0.0502216
2.880693763,0.0502859
2.882294583,0.0503087
2.883898015,0.0503113
2.885502399,0.0503983
2.887109403,0.0505096
2.888717363,0.0506131
2.890327951,0.0507047
2.891940336,0.0508455
2.893553683,0.0510173
2.895168832,0.0510745
2.896786624,0.0511225
2.898406224,0.0512714
2.900026796,0.0514029
2.901650023,0.05148
2.903274226,0.0514715
2.904901091,0.0514174
2.906528936,0.0513641
2.908159452,0.0512699
2.909790952,0.0511508
2.911425131,0.0510264
2.913061147,0.050878
2.914698152,0.0507857
2.91633785,0.0507021
2.917978541,0.0505157
2.919621932,0.0502777
2.921266322,0.0501019
2.92291342,0.0498869
2.92456152,0.0497488
2.926212337,0.0496998
2.927865018,0.0495579
2.929518709,0.0495137
2.931175129,0.0495278
2.932832562,0.0495331
2.934492732,0.0496183
2.93615392,0.0497069
2.937817854,0.0497973
2.93948281,0.0499804
2.941150519,0.0501647
2.942819256,0.0502971
2.944490755,0.0503752
2.946164153,0.0504818
2.947838586,0.0506073
2.949515793,0.050723
2.951194038,0.0507899
2.952875067,0.0509334
2.954557138,0.0510803
2.956242002,0.0510663
2.957927912,0.0510577
2.959616623,0.0510306
2.961307263,0.0509939
2.962998958,0.050935
2.964692587,0.0507806
2.966389032,0.0505577
2.968087421,0.0503574
2.969786873,0.0501585
2.971489156,0.0499597
2.973192507,0.0498285
2.974898697,0.0496924
2.976605961,0.0495743
2.978316072,0.0494464
2.980027261,0.0493371
2.981741307,0.0492333
2.983457326,0.0491593
2.98517443,0.0491096
2.986894403,0.0490789
2.988615467,0.0491113
2.99033941,0.0491861
2.992064447,0.0493318
2.993792372,0.0495572
2.995521396,0.0498111
2.997253317,0.049968
2.998987242,0.05009
3.000722274,0.0503632
3.002460216,0.0506623
3.00419927,0.0507836
3.005941243,0.050891
3.007684333,0.051018
3.009430351,0.0511306
3.011177491,0.0512402
3.012927568,0.0513011
3.014678772,0.051334
3.016432923,0.0513367
3.018189117,0.0512681
3.019946444,0.0511933
3.021706732,0.0511427
3.02346816,0.0509102
3.025232557,0.0506721
3.026998099,0.0504645
3.02876662,0.0501851
3.03053629,0.0499037
3.032308949,0.0496688
3.034083682,0.0495082
3.035859573,0.049328
3.037638467,0.0491629
3.039418523,0.0490908
3.041201591,0.0490866
3.042985826,0.0491096
3.044773084,0.0491431
3.046561514,0.0491443
3.048352975,0.0492383
3.050146544,0.0494388
3.051941294,0.0496219
3.053738157,0.0498182
3.055538071,0.0500653
3.057340108,0.0503286
3.059143336,0.050558
3.060949629,0.050681
3.062757118,0.0507909
3.064567683,0.0509646
3.066379449,0.0511456
3.0681943,0.0513028
3.070010358,0.051378
3.071829511,0.0513244
3.073650821,0.0512227
3.075473346,0.051134
3.077298981,0.0509948
3.079125836,0.0507253
3.080955811,0.05045
3.082787012,0.0501643
3.084621343,0.0498665
3.086456905,0.0495936
3.088295607,0.0493363
3.090135546,0.0491224
3.091978634,0.0488777
3.093823923,0.0486891
3.095670457,0.0485524
3.097520156,0.048331
3.099371107,0.0481649
3.101225232,0.048176
3.103080614,0.0482638
3.104939182,0.0483179
3.106799012,0.0484629
3.108662038,0.0486065
3.1105273,0.0487315
3.112393832,0.0489049
3.114263576,0.0491546
3.116134597,0.0493872
3.11800884,0.0495509
3.119884365,0.0496837
3.121763122,0.049835
3.123643167,0.0500319
3.125526456,0.0501258
3.127412017,0.0500851
3.129298874,0.0499855
3.13118801,0.0498419
3.13308041,0.0497072
3.134975099,0.0495628
3.136871097,0.0493333
3.138770374,0.0490557
3.140670967,0.0488192
3.14257485,0.0485075
3.144480054,0.0481692
3.146388559,0.0479092
3.148298392,0.0476125
3.150211537,0.0472982
3.152127008,0.0470697
3.154043815,0.0469028
3.155963951,0.0467811
3.157885429,0.0467561
3.159810247,0.0467815
3.161736413,0.0467951
3.16366593,0.0468758
3.1655968,0.0469766
3.167531033,0.0470867
3.169467631,0.0472331
3.171405592,0.0475238
3.173345925,0.0478532
3.175289642,0.0480498
3.177235741,0.0481806
3.179183217,0.0483448
3.181134093,0.0485794
3.183086352,0.0486853
3.185042023,0.04867
3.186999083,0.0486412
3.188959567,0.0485391
3.190921446,0.0483477
3.192886759,0.0480777
3.194854495,0.0477922
3.196823636,0.047434
3.198796229,0.0469445
3.200770233,0.0465142
3.202747701,0.0462253
3.204726587,0.0459527
3.206708948,0.0455514
3.208692734,0.0451721
3.210680006,0.0448911
3.212668709,0.0446327
3.214660911,0.0444197
3.216655585,0.0443301
3.2186517,0.0442881
3.220651332,0.044234
3.222652411,0.0442433
3.224657017,0.0442538
3.226663079,0.0442126
3.22867268,0.0441353
3.230683742,0.0439947
3.232698356,0.0438884
3.234715484,0.0438064
3.236734084,0.0436756
3.238756253,0.043501
3.2407799,0.0432551
3.24280713,0.0430136
3.244835844,0.0427722
3.246868152,0.042503
3.248901952,0.0421776
3.250939359,0.0417696
3.252979322,0.0413376
3.255020788,0.0408494
3.257064818,0.0403703
3.259112478,0.0399742
3.261162715,0.0395983
3.263214469,0.039192
3.265269871,0.0388601
3.267326797,0.0386826
3.269387385,0.0385978
3.271449504,0.0384666
3.273515297,0.0382856
3.275582628,0.0381659
3.277653646,0.0381754
3.279727284,0.0382659
3.281802471,0.0383391
3.283881364,0.0382787
3.285961813,0.0380796
3.28804598,0.0378797
3.290131711,0.0377237
3.292221173,0.0373956
3.294312205,0.036945
3.296406982,0.0364837
3.298504425,0.0360011
3.300603449,0.0354908
3.302706237,0.0349048
3.304810615,0.0343396
3.306918769,0.0338417
3.309028519,0.0334121
3.311142059,0.0330526
3.313257204,0.0327247
3.315376151,0.0324688
3.31749671,0.0323479
3.319621085,0.0322295
3.321748183,0.0321436
3.323876904,0.032162
3.326009461,0.0321198
3.328143648,0.0319016
3.330281685,0.0315552
3.332421361,0.0310995
3.334564899,0.0305849
3.336710084,0.0299797
3.338859145,0.0292148
3.341010977,0.0284421
3.343164466,0.0277448
3.345320733,0.027225
3.347480903,0.026796
3.349643866,0.0263497
3.351808502,0.0259454
3.353977062,0.0255825
3.356147304,0.0251298
3.358321484,0.0245355
3.360497354,0.0240087
3.362677175,0.0236114
3.364858694,0.0232121
3.36704418,0.0229046
3.369232506,0.022705
3.371422541,0.0226284
3.373616564,0.0226112
3.375812305,0.0225752
3.378012047,0.0224596
3.380213515,0.0222562
3.382418998,0.0219788
3.384626215,0.0216572
3.386837463,0.0213289
3.389051601,0.0209545
3.391267486,0.0204923
3.393487423,0.0199285
3.395709114,0.0192801
3.397934871,0.0185701
3.400162392,0.0179304
3.402393992,0.0173862
3.404627365,0.0169407
3.406864833,0.0167155
3.409104081,0.0167567
3.411347438,0.0173109
3.41359375,0.0185411
3.415841855,0.020523
3.418094091,0.0235325
3.42034813,0.0279029
3.422606315,0.0337062
3.42486631,0.0406743
3.427130467,0.0473767
3.429396443,0.0511494
3.431666596,0.0508906
3.433939756,0.0484786
3.436214748,0.0458646
3.43849394,0.0436696
3.440774973,0.0420909
3.443060219,0.0409056
3.445347317,0.0399386
3.447638643,0.0392198
3.449931829,0.0386685
3.45222926,0.0382029
3.454529752,0.0377724
3.456832118,0.0373781
3.459137554,0.037032
3.461447266,0.036645
3.463760064,0.0361322
3.466074754,0.035616
3.468393742,0.0351267
3.470714631,0.034647
3.473039834,0.0341963
3.475366947,0.0336307
3.47769839,0.0330552
3.480031752,0.0324945
3.48236946,0.0318763
3.484710311,0.0312441
3.487053095,0.0305617
3.489400249,0.0298395
3.491749345,0.0290226
3.494102828,0.0281565
3.496458263,0.0274078
3.498818099,0.0269594
3.501179898,0.0271426
3.503546114,0.0286014
3.505914302,0.0323895
3.508286925,0.0391503
3.51066276,0.0461123
3.513040582,0.0487648
3.515422863,0.0475083
3.51780714,0.0452697
3.520195892,0.0433737
3.522586649,0.0419702
3.524981899,0.0408478
3.527379164,0.0399645
3.529780938,0.0392807
3.532185985,0.0386899
3.534593062,0.0381668
3.537004673,0.0378607
3.539418325,0.0377088
3.541836527,0.0374988
3.54425678,0.0372515
3.546681601,0.0371005
3.549108482,0.0369802
3.551539948,0.036875
3.553974748,0.0369217
3.556411623,0.037041
3.558851843,0.0371798
3.561296682,0.0374518
3.563744883,0.037813
3.56619518,0.0380996
3.568650122,0.0383791
3.571107172,0.0386289
3.573568884,0.0387526
3.576032714,0.0388062
3.578501223,0.0389839
3.580971861,0.0392097
3.583447197,0.0393668
3.585925958,0.0396339
3.588406862,0.0400334
3.590892491,0.0403908
3.593380275,0.0407558
3.595872801,0.0412933
3.598367493,0.0418409
3.600866945,0.0422681
3.603368573,0.0426103
3.60587498,0.0429634
3.608384876,0.0433351
3.610896965,0.0436296
3.613413859,0.0438005
3.615932958,0.0438738
3.61845688,0.0438906
3.620983017,0.0439015
3.623513997,0.0438324
3.626047202,0.0437619
3.628585269,0.0437471
3.631125573,0.0436645
3.633670756,0.0435115
3.63621951,0.0434001
3.638770518,0.0433323
3.641326433,0.0433045
3.643884614,0.043296
3.646447722,0.0433247
3.649013106,0.0434164
3.651583436,0.0435421
3.654156054,0.0436178
3.656733637,0.0437497
3.659314859,0.0439272
3.661898387,0.0440774
3.664485565,0.0441735
3.667077746,0.0442443
3.669673597,0.0443067
3.672271777,0.0443426
3.67487499,0.0443883
3.677480543,0.0444059
3.680091148,0.0444327
3.682704107,0.0444555
3.685322136,0.0444393
3.68794253,0.044345
3.690568015,0.0442436
3.693197241,0.0442462
3.695828851,0.0443121
3.698465581,0.0443251
3.701104706,0.0442913
3.703748972,0.0442817
3.706395645,0.0443297
3.70904748,0.0444085
3.711701734,0.0444684
3.714361169,0.0444707
3.717024418,0.0445013
3.719690105,0.0445773
3.722361004,0.0446071
3.725034354,0.0446618
3.727712936,0.0447192
3.730393982,0.0447033
3.73308028,0.0446856
3.735769055,0.0447005
3.738463103,0.0446943
3.74115964,0.044544
3.743861471,0.0443454
3.746567208,0.04417
3.749275453,0.0439669
3.751989023,0.0437833
3.754705115,0.0436043
3.757426554,0.043391
3.760150526,0.0432022
3.762879867,0.0431241
3.765611756,0.043089
3.768349034,0.0430966
3.771090294,0.0431205
3.773834121,0.0431318
3.77658337,0.0431616
3.7793352,0.0431343
3.782092473,0.0430695
3.78485234,0.0430362
3.787617672,0.0430728
3.790385611,0.0431747
3.793159038,0.0434414
3.795936526,0.0437167
3.798716642,0.0440096
3.801500833,0.0443828
3.804290555,0.0448555
3.807084375,0.0453422
3.80988085,0.0457202
3.81268289,0.0460775
3.815487598,0.0464293
3.818297894,0.0467362
3.821110873,0.0469713
3.823929462,0.0470976
3.826750748,0.0471984
3.829577667,0.0472818
3.832408765,0.0473958
3.835242581,0.0474452
3.838082064,0.0473956
3.84092428,0.0472992
3.843772186,0.0471865
3.846622838,0.0470427
3.849479204,0.046907
3.852338331,0.0468021
3.855203194,0.0467626
3.858070833,0.0468129
3.860944233,0.0468814
3.863821915,0.0470242
3.866702395,0.0472613
3.86958867,0.047523
3.872477758,0.0478102
3.875372666,0.0481307
3.8782704,0.0485725
3.881173978,0.0490874
3.884080397,0.0495768
3.886992684,0.0500187
3.889909342,0.0504671
3.892828864,0.0509051
3.89575429,0.0513048
3.898682596,0.0516632
3.90161683,0.0519533
3.904553959,0.0522004
3.907497041,0.0523361
3.910443034,0.0523682
3.913395003,0.0523496
3.916351433,0.0522007
3.919310797,0.0520175
3.922274637,0.0518945
3.925244503,0.0517141
3.928218871,0.0514824
3.931196204,0.051348
3.934179602,0.0511945
3.937165981,0.0509776
3.94015845,0.0507194
3.943153916,0.0503767
3.946155497,0.0500222
3.949160093,0.049779
3.952170829,0.0496903
3.955186159,0.0496346
3.958204527,0.0496471
3.961229074,0.0498261
3.964256676,0.0502117
3.967290483,0.0506503
3.970327361,0.0511032
3.973370471,0.0515708
3.976416668,0.0520774
3.979469123,0.0526438
3.982526268,0.0531488
3.985586525,0.0536393
3.98865308,0.0541512
3.991722764,0.0545906
3.994798772,0.0548944
3.997877926,0.0550963
4.000963432,0.0552886
4.004052101,0.0553974
4.007147148,0.0553382
4.010245375,0.0552196
4.013350007,0.0550719
4.016459451,0.0547655
4.0195721,0.0544342
4.022691197,0.0540822
4.025813516,0.0536495
4.02894231,0.0532076
4.032074345,0.0527605
4.035212882,0.052304
4.038354677,0.0519027
4.041503003,0.0515353
4.044656241,0.0512503
4.047812764,0.0511797
4.050974219,0.0512403
4.054142259,0.0512723
4.057315258,0.0513799
4.060491579,0.0515787
4.063674529,0.0518294
4.066860819,0.0521491
4.070053765,0.0525914
4.073250071,0.053026
4.076453062,0.0534426
4.07965943,0.053928
4.082872513,0.0544581
4.086090661,0.054998
4.089312214,0.0554846
4.092540526,0.0558857
4.095772262,0.0562072
4.099010786,0.0564408
4.102252752,0.05656
4.105501536,0.0565509
4.108753782,0.0564179
4.112012876,0.0561381
4.115277143,0.0558548
4.118544902,0.0555569
4.121819553,0.0550938
4.125097713,0.0545705
4.128382797,0.0540113
4.13167141,0.0533759
4.134966976,0.052744
4.138266091,0.0521849
4.141572191,0.0517288
4.144881858,0.0513517
4.148198541,0.0510672
4.151520536,0.0507838
4.154846129,0.0505099
4.158178784,0.0504155
4.161515058,0.050467
4.164858424,0.0505865
4.168205429,0.050818
4.171559558,0.0510963
4.174917347,0.051452
4.178282291,0.0519123
4.181652664,0.0524419
4.185026728,0.0530116
4.188407994,0.0536212
4.191792972,0.054215
4.195185186,0.0547484
4.198581131,0.0552911
4.201984345,0.0559164
4.205391312,0.0565117
4.208805579,0.0570547
4.212225394,0.0574537
4.215648995,0.0577257
4.219078165,0.0579867
4.222514702,0.0581501
4.225956841,0.0579859
4.229402808,0.0576177
4.232856192,0.0571495
4.236313424,0.0564912
4.239778107,0.0556632
4.243246661,0.0547199
4.246722698,0.0536253
4.250202628,0.0524761
4.253690076,0.0513446
4.257183252,0.0504218
4.260680354,0.0499878
4.264185025,0.0498252
4.267693644,0.0497389
4.271209867,0.0496934
4.274730061,0.0496957
4.278257893,0.0497311
4.28178972,0.0498661
4.285329218,0.0500779
4.288872734,0.0503512
4.292423958,0.0507186
4.295981067,0.0512042
4.299542228,0.0517886
4.303111149,0.0523933
4.306684146,0.0530063
4.310264939,0.0536611
4.313849831,0.0542618
4.317442554,0.0547408
4.3210394,0.0552099
4.324644114,0.0555875
4.328254848,0.0558674
4.331869739,0.0560691
4.335492553,0.0561161
4.339119549,0.0560518
4.342754505,0.0559133
4.346393667,0.0556498
4.350040825,0.0553071
4.353692214,0.0548723
4.357351637,0.05436
4.361017216,0.0537805
4.364687063,0.0531247
4.368363091,0.0524852
4.372047229,0.0518758
4.375737585,0.0513126
4.379432259,0.0507729
4.383135099,0.0503208
4.386842281,0.0500138
4.390557667,0.0497899
4.39427742,0.0497387
4.398005417,0.0498204
4.401737806,0.0499736
4.405478477,0.0502618
4.409225511,0.0507347
4.412976977,0.0512597
4.416736782,0.0517932
4.420501046,0.0524614
4.424273689,0.0532001
4.428050816,0.0538867
4.431836362,0.0545526
4.435626419,0.0552055
4.439424935,0.0557848
4.443229962,0.0563361
4.447039539,0.0567467
4.450857636,0.0570702
4.45468031,0.0573278
4.458511544,0.0574279
4.462347382,0.0574244
4.466191821,0.0574231
4.470040892,0.0573403
4.473898604,0.0570936
4.477760976,0.0567128
4.481632031,0.0562168
4.485509785,0.0556128
4.48939224,0.0548994
4.49328344,0.0541819
4.497179369,0.0534996
4.501084086,0.0528507
4.50499356,0.0522937
4.508911864,0.0518289
4.512834954,0.0513927
4.516766916,0.0510639
4.520705736,0.0508882
4.524649385,0.0507732
4.52859992,0.0507831
4.532559414,0.0509874
4.536525838,0.0512568
4.540497148,0.0515861
4.544477483,0.0520852
4.548462733,0.0525997
4.552457052,0.0532177
4.556456316,0.0539381
4.560464693,0.0545882
4.564478045,0.055223
4.568500554,0.0558223
4.572530159,0.0563958
4.576564785,0.0568988
4.580608635,0.0572745
4.584657535,0.0576244
4.588715706,0.0578775
4.592778957,0.0579256
4.596851524,0.0578912
4.600929204,0.0577491
4.605016244,0.0574508
4.609110552,0.057005
4.613210019,0.0564709
4.617318917,0.0559148
4.621433005,0.0552996
4.62555657,0.0546354
4.629685357,0.0539232
4.633823669,0.0532648
4.637967235,0.0525893
4.642120372,0.0518804
4.646278795,0.0513164
4.650446838,0.0509001
4.654622366,0.050607
4.658803228,0.0504702
4.662993782,0.050449
4.667189703,0.0505728
4.671395364,0.0508444
4.675606426,0.0512116
4.679827277,0.0516455
4.684053561,0.0521961
4.688289684,0.0528065
4.692533475,0.0534895
4.696782751,0.0542937
4.701041939,0.0550503
4.705306645,0.0556664
4.709581314,0.0562641
4.713861534,0.0568633
4.718151768,0.057402
4.722447588,0.0577993
4.726753472,0.0580575
4.731067215,0.0582355
4.735386597,0.0583113
4.739713873,0.0582558
4.744051315,0.0580583
4.748396704,0.0578107
4.752747801,0.0574523
4.757109143,0.05695
4.761476229,0.0563446
4.765853612,0.0557396
4.770236775,0.0551295
4.774630288,0.0545145
4.779029618,0.0538815
4.78343935,0.0532325
4.787857228,0.0526654
4.792280977,0.0522334
4.796715209,0.051834
4.80115535,0.0515133
4.805606028,0.0513611
4.810062651,0.0512936
4.814529866,0.0513389
4.819003064,0.051547
4.823486908,0.0518149
4.827979105,0.0521648
4.832477341,0.0525847
4.836986306,0.0530733
4.84150135,0.0536232
4.846027178,0.0541687
4.850559124,0.0547091
4.855101911,0.0552315
4.859650854,0.0557326
4.864210694,0.0561461
4.86877673,0.0564855
4.87335372,0.0567839
4.877939324,0.0569945
4.882531182,0.0570107
4.887134082,0.05688
4.891743275,0.0567224
4.896363569,0.0564918
4.900990196,0.056123
4.905627982,0.0556701
4.910272142,0.0551877
4.91492752,0.0546097
4.919589313,0.0539754
4.924262382,0.0533415
4.928941909,0.0526798
4.933632772,0.0520469
4.938332572,0.0514463
4.943038891,0.0508159
4.947756638,0.0502825
4.952480945,0.049964
4.957216741,0.0499047
4.96195914,0.0500424
4.966713089,0.0503325
4.971473684,0.0507527
4.97624589,0.0512357
4.981024786,0.0516979
4.985815355,0.0522169
4.990615148,0.052801
4.995421696,0.0533996
5.000240012,0.0540101
5.005065126,0.0545865
5.009902071,0.0550948
5.01474586,0.0556295
5.019601544,0.0561547
5.024464116,0.056551
5.029338647,0.0568511
5.034222646,0.0570945
5.0391136,0.0572394
5.044016611,0.057335
5.048926623,0.0574259
5.053848759,0.0573457
5.058777941,0.0571464
5.063719312,0.056956
5.068667777,0.056662
5.073628497,0.0563182
5.078598936,0.0559845
5.08357654,0.0555623
5.0885665,0.0550217
5.093563671,0.0545002
5.098573266,0.0540639
5.10359012,0.0537554
5.108619467,0.0534448
5.113656121,0.053139
5.118705336,0.0529175
5.123761907,0.0528176
5.128831109,0.0527795
5.133910351,0.0527818
5.138997022,0.0528848
5.144096429,0.0530881
5.149203315,0.0533311
5.154323008,0.053529
5.15945023,0.0537833
5.164590329,0.0541338
5.169738008,0.0544953
5.174898637,0.0548338
5.180066895,0.0551557
5.185248176,0.0554899
5.190437139,0.0557567
5.195639196,0.0559912
5.200851691,0.0561874
5.206071946,0.0562803
5.211305406,0.0564524
5.216546677,0.0563795
5.221801229,0.0561341
5.227063645,0.0559783
5.232339416,0.0557548
5.237623104,0.0555146
5.242920223,0.0551607
5.248228067,0.0547193
5.253543909,0.0543198
5.258873297,0.0539342
5.264210737,0.0535657
5.269561799,0.0532639
5.274920968,0.0530546
5.280293838,0.0529159
5.28567487,0.0529538
5.29106968,0.0531665
5.296475513,0.053296
5.301889593,0.0533864
5.30731757,0.0535338
5.31275385,0.0537053
5.318204106,0.0538928
5.323662723,0.0541059
5.329135396,0.0543522
5.334616486,0.054629
5.340111715,0.0549606
5.345615419,0.0554057
5.351133343,0.0557759
5.356662671,0.0558864
5.362200561,0.0559512
5.367752796,0.0560932
5.373313653,0.0562199
5.378888937,0.0562863
5.384472903,0.0563014
5.390071381,0.0562687
5.395678601,0.0562103
5.401300417,0.0561377
5.406931037,0.0560911
5.412576338,0.0560445
5.418233439,0.0561308
5.423899437,0.0560313
5.429580245,0.0554632
5.435270011,0.0550945
5.440974674,0.0549158
5.446688359,0.0547683
5.452417029,0.0546498
5.458154783,0.0546488
5.463907612,0.0547413
5.469669588,0.0546264
5.475446728,0.0545585
5.481236085,0.0545098
5.487034686,0.0542855
5.492848586,0.0542798
5.498671796,0.0544877
5.504510396,0.0547025
5.510358372,0.0549125
5.516221829,0.0552619
5.522094729,0.0555743
5.527983204,0.0557611
5.53388425,0.0558565
5.539794839,0.0559851
5.545721143,0.0561817
5.551657059,0.0563866
5.557608783,0.0563268
5.563570187,0.056163
5.569547497,0.0561293
5.575534554,0.056344
5.581537613,0.0562024
5.587550491,0.0555887
5.593579466,0.0552274
5.599621466,0.0551476
5.60567339,0.0548678
5.611741559,0.0545654
5.617819724,0.0543689
5.623914233,0.0541601
5.63001881,0.0541066
5.63613983,0.0543879
5.642270992,0.0546878
5.648418697,0.0543829
5.654576616,0.0541484
5.660751182,0.0540089
5.666939246,0.0540022
5.673137637,0.0544256
5.679352826,0.0547082
5.685578417,0.0548749
5.69182091,0.0552099
5.69807388,0.0553376
5.704343858,0.0556788
5.710624388,0.0562569
5.716922032,0.0564035
5.723230306,0.0563551
5.729555799,0.0563053
5.73589529,0.0563847
5.742245528,0.0566072
5.748613147,0.05679
5.754991592,0.0565701
5.761387526,0.0571046
5.767794367,0.0575168
5.774218806,0.0565944
5.780654231,0.0558123
5.787107366,0.055197
5.793571569,0.0546902
5.800053592,0.0543466
5.806550137,0.0539338
5.813057872,0.0538422
5.819583597,0.0541097
5.826120596,0.0537125
5.832675699,0.0528623
5.83924216,0.0522643
5.84582684,0.0520181
5.852422962,0.0521148
5.859037419,0.052507
5.865666844,0.0527932
5.87230784,0.0531557
5.878967348,0.054393
5.885638512,0.0546959
5.892328306,0.0548101
5.899029846,0.0552108
5.905750134,0.0550191
5.912482255,0.0553567
5.919233246,0.0559611
5.925999672,0.0566737
5.932778065,0.0580347
5.93957551,0.0587368
5.946385014,0.0580411
5.953213694,0.0577196
5.960054523,0.0577761
5.966914652,0.0581828
5.973787023,0.0578874
5.980678819,0.0574762
5.98758295,0.0574058
5.994506634,0.0566238
6.001442747,0.055587
6.008398539,0.0551127
6.015370475,0.0546236
6.022354982,0.0536581
6.029359362,0.0528184
6.036376412,0.0525224
6.043413465,0.0532416
6.050463284,0.0533513
6.057533239,0.0515419
6.064616058,0.0508011
6.071719147,0.050886
6.078835198,0.0503905
6.085971653,0.0498464
6.093124883,0.0498416
6.100291228,0.0501578
6.10747818,0.0510543
6.114678347,0.0519971
6.121899258,0.0519538
6.129133488,0.0521113
6.1363886,0.0528965
6.143657135,0.0537881
6.150946692,0.0545775
6.158253569,0.0554887
6.165574024,0.0559779
6.172915715,0.0563198
6.180271091,0.0572655
6.187647846,0.0578655
6.195038394,0.0574783
6.202450464,0.0572477
6.209876436,0.0571139
6.217324076,0.056812
6.224789602,0.056268
6.232269194,0.0556598
6.239770676,0.0549808
6.247286335,0.0541774
6.254824033,0.0533226
6.262376021,0.052521
6.269950198,0.0516934
6.277538778,0.0508653
6.2851497,0.0500317
6.292775139,0.0492414
6.300423073,0.0485772
6.30808962,0.0480626
6.315770859,0.0476563
6.323474825,0.0473944
6.331193601,0.0473514
6.338935262,0.0479382
6.34669185,0.0484298
6.354471483,0.0482683
6.362266163,0.0488447
6.370084047,0.0500396
6.3779171,0.0508112
6.385773518,0.0516164
6.393649316,0.0526636
6.401540467,0.0540957
6.409455228,0.0564671
6.417385467,0.0577562
6.425339483,0.0573777
6.433309101,0.0574439
6.441302663,0.0574697
6.449311955,0.0574683
6.457345359,0.0573576
6.465394622,0.0571641
6.473468167,0.0569645
6.481561901,0.0566777
6.489671688,0.0564195
6.497806016,0.0549363
6.505956528,0.0528421
6.514131757,0.0518134
6.522323304,0.050946
6.530539743,0.0495695
6.538772633,0.0484993
6.547030594,0.0477734
6.55530944,0.0470227
6.563604942,0.0465009
6.571925785,0.0463355
6.580263421,0.0456808
6.588626581,0.0453057
6.597006674,0.0452982
6.605412475,0.0453883
6.61383535,0.0459152
6.622284119,0.0468362
6.630750104,0.048409
6.63924217,0.0496486
6.647756017,0.0496262
6.656287296,0.04978
6.664844942,0.0504736
6.673420168,0.0510921
6.682021953,0.0513001
6.690641465,0.0505471
6.699287732,0.0496431
6.707951874,0.0485942
6.716642968,0.0465858
6.725352089,0.0437057
6.734088359,0.0404269
6.742847356,0.0369201
6.75162461,0.033518
6.760429314,0.0306976
6.769252431,0.0286116
6.778103202,0.0270874
6.786972542,0.0280947
6.795869742,0.030122
6.80478567,0.030112
6.813729665,0.0299552
6.822692548,0.0304808
6.831683709,0.0317419
6.8406986,0.0332774
6.849732621,0.0340827
6.858795239,0.034533
6.867877153,0.0346703
6.876987879,0.0344682
6.886118068,0.034845
6.895277287,0.0353944
6.904456136,0.0358188
6.913664235,0.0359032
6.922896928,0.0357308
6.932149507,0.0354733
6.94143167,0.0352561
6.950733893,0.0352928
6.960065926,0.0355038
6.969418193,0.0354623
6.978800498,0.0358804
6.988203214,0.0369219
6.997636198,0.0382451
7.007094683,0.0397024
7.016573849,0.041448
7.026083633,0.0433339
7.035614279,0.0454622
7.045175781,0.0479591
7.054758329,0.0498502
7.06437197,0.0514083
7.074006845,0.0531069
7.083673054,0.0546643
7.093360685,0.0559711
7.103079895,0.0570018
7.112825776,0.0577735
7.122593365,0.0579452
7.132392904,0.0576765
7.142214344,0.0572805
7.152067985,0.0564247
7.161943723,0.0551635
7.171851916,0.05346
7.181782403,0.0511721
7.191745602,0.0488846
7.201731296,0.0465624
7.21174996,0.0436305
7.221791322,0.0400546
7.231865915,0.0362422
7.241968657,0.0329058
7.252094405,0.0311812
7.262253782,0.0310744
7.272436375,0.0318934
7.282652867,0.032913
7.292892784,0.0336326
7.303166872,0.0341919
7.3134646,0.0347705
7.323796773,0.0355862
7.334158182,0.0365957
7.344543555,0.03748
7.354963792,0.0383167
7.365408213,0.0393441
7.37588778,0.040609
7.386391755,0.0419705
7.396931161,0.0434215
7.4074952,0.0451296
7.418094959,0.0470249
7.428725097,0.0489736
7.43938021,0.0508234
7.450071483,0.0524159
7.460787964,0.0537653
7.471540901,0.0548136
7.48231928,0.0554937
7.493134416,0.0557728
7.503975231,0.0555717
7.514853107,0.0548721
7.525756903,0.0538528
7.536698067,0.0525992
7.547671091,0.0511777
7.5586704,0.0495812
7.569707544,0.0478687
7.580771222,0.0460855
7.591873052,0.0444055
7.603001665,0.042999
7.61416875,0.0417824
7.625362872,0.0407081
7.636595789,0.039889
7.647856,0.0392735
7.659155333,0.0388299
7.670488104,0.0388522
7.68184856,0.0393325
7.693248636,0.0400846
7.704676662,0.041038
7.716144644,0.0421538
7.727640844,0.0435584
7.739177341,0.0451672
7.750742327,0.0468456
7.762347955,0.0484909
7.773982347,0.0500421
7.785657728,0.0515334
7.797368232,0.0529867
7.809107919,0.0542773
7.820889126,0.0552773
7.832699798,0.055961
7.844552351,0.0564111
7.856434656,0.056652
7.868359203,0.0567235
7.880313794,0.0565842
7.892310995,0.0562926
7.904344781,0.0557496
7.916409054,0.0549062
7.928516495,0.0538781
7.940654723,0.0526735
7.952836498,0.0513684
7.965049363,0.0501432
7.977306159,0.0490795
7.989594352,0.0481234
8.001926864,0.0471566
8.014291084,0.0462693
8.026700015,0.045545
8.039147432,0.0450028
8.051627033,0.0446644
8.064151942,0.0446204
8.076709355,0.0447808
8.089312481,0.0452027
8.101948438,0.0458787
8.114630517,0.0467823
8.127345755,0.0479478
8.140107531,0.0492168
8.1529028,0.0504894
8.165745026,0.0518424
8.178627773,0.0531738
8.191544524,0.054505
8.20450887,0.055816
8.217507564,0.0570216
8.230554287,0.058051
8.243635707,0.0588344
8.256765594,0.059424
8.269930533,0.0599156
8.283144381,0.0601661
8.296393641,0.0600849
8.309692259,0.0597964
8.323033579,0.0592451
8.336410858,0.0584991
8.34983818,0.0576415
8.363301832,0.0565055
8.376815989,0.0552256
8.390366852,0.0539563
8.40396869,0.0526579
8.417607615,0.0512861
8.43129799,0.0500051
8.445032969,0.0488703
8.458805617,0.0479285
8.472630438,0.047095
8.486493322,0.046332
8.50040887,0.0458852
8.514362879,0.0456572
8.528370049,0.0454016
8.542416086,0.0451205
8.556515787,0.0450244
8.570662109,0.0454211
8.584847915,0.0464557
8.599088153,0.0478123
8.613368292,0.0492476
8.627703383,0.0506678
8.6420788,0.0520591
8.656509695,0.0532915
8.670981347,0.0543473
8.68550901,0.0553894
8.700077866,0.0564568
8.714703273,0.0574588
8.729377936,0.0582381
8.744094457,0.0587352
8.758868354,0.059003
8.773684561,0.0590843
8.788558703,0.0588987
8.803475612,0.058516
8.818451021,0.0579951
8.833469663,0.057239
8.848547378,0.0563854
8.863668797,0.0554739
8.878849869,0.0544004
8.894075123,0.053306
8.90936062,0.0522076
8.924698747,0.0511306
8.940081784,0.0500734
8.955525963,0.0490378
8.971015546,0.0482394
8.98656688,0.0476851
9.00216412,0.047317
9.017823729,0.0472201
9.033529752,0.0472245
9.04929877,0.0473605
9.065122937,0.0477581
9.080994296,0.048424
9.096929604,0.0493047
9.112912633,0.0503256
9.128960257,0.0513717
9.145056137,0.0523377
9.161217269,0.0531564
9.1774272,0.053898
9.193703049,0.0546872
9.210028247,0.055399
9.226420038,0.0558421
9.242870281,0.0560961
9.259370715,0.0564942
9.275938771,0.0569839
9.292557591,0.0573758
9.309244732,0.0576191
9.325983215,0.0576753
9.342790729,0.0574855
9.359650174,0.0571463
9.376579368,0.0565927
9.393569914,0.0559296
9.41061329,0.0553511
9.427727512,0.0547265
9.444895176,0.0540862
9.46213443,0.0534665
9.479427746,0.052786
9.496793408,0.0520494
9.51421376,0.0513862
9.531707224,0.0511486
9.549256017,0.051063
9.566878701,0.0508755
9.584566548,0.0508276
9.6023107,0.0509664
9.620129929,0.051212
9.638006128,0.0515413
9.655958209,0.0519735
9.673967933,0.0524685
9.692054357,0.0529984
9.710199108,0.0534933
9.728421389,0.0539335
9.74670269,0.0543262
9.765062365,0.0547748
9.783491337,0.0551824
9.801980392,0.0554068
9.820549106,0.0555958
9.839178625,0.0556725
9.857888677,0.0556618
9.876660267,0.055686
9.895513275,0.0556616
9.914428567,0.055488
9.933426178,0.0551955
9.952486828,0.0548583
9.971630711,0.0541667
9.990848383,0.0530636
10.01013125,0.0519227
10.02949373,0.0515145
10.04893126,0.0519436
10.06844225,0.0525548
10.08803119,0.0528742
10.1076965,0.0529487
10.1274376,0.0530461
10.14725699,0.053105
10.16715411,0.0530318
10.18712734,0.0528111
10.20718128,0.0523996
10.22731433,0.0518523
10.24752591,0.0512343
10.26781859,0.0507043
10.28819074,0.0510952
10.30864389,0.0525521
10.32917959,0.054093
10.34979727,0.0551758
10.37049635,0.0558995
10.39127839,0.0565383
10.41214498,0.0570957
10.43309444,0.0573534
10.45412948,0.0574674
10.4752495,0.0576056
10.49645283,0.0576219
10.51774438,0.0574661
10.53912249,0.0572029
10.56058656,0.0567599
10.58213936,0.0563243
10.60378031,0.0558283
10.6255077,0.0552522
10.64732658,0.0547099
10.66923525,0.0542313
10.69123313,0.0538873
10.71332305,0.0535581
10.73550444,0.0532702
10.75777556,0.0529877
10.7801416,0.0528428
10.80260083,0.0528301
10.82515268,0.0528589
10.84780005,0.0530253
10.8705412,0.0533201
10.89337791,0.053734
10.91631195,0.0541205
10.93934277,0.0545653
10.96246977,0.0548412
10.98569476,0.0550311
11.00901958,0.0554575
11.03244244,0.0561157
11.05596641,0.0566929
11.07959091,0.0568929
11.10331412,0.0568407
11.12714161,0.0568295
11.1510716,0.0570681
11.17510348,0.0572525
11.19924042,0.0571808
11.22348186,0.0568709
11.24782594,0.0563565
11.27227839,0.0557622
11.29683739,0.055181
11.32150236,0.0546469
11.34627656,0.0540674
11.37115942,0.0533538
11.39614906,0.0525715
11.42125139,0.0518765
11.44646454,0.0512091
11.47178795,0.0507371
11.49722497,0.0504835
11.52277373,0.0502838
11.54843628,0.0502857
11.57421473,0.0505702
11.60010853,0.0509715
11.6261171,0.0514698
11.65224255,0.0521399
11.67848705,0.052952
11.70484866,0.0539102
11.73133094,0.0550043
11.75793331,0.0561193
11.78465384,0.0571132
11.81149887,0.05802
11.83846649,0.0585535
11.86555613,0.0583504
11.89277144,0.0583343
11.92011047,0.0596175
11.94757547,0.0609391
11.97516877,0.0614372
12.00288838,0.0612973
12.03073805,0.0608985
12.05871727,0.0603235
12.08682547,0.0595237
12.11506501,0.0584884
12.14343829,0.0570696
12.17194331,0.0556261
12.20058394,0.0542026
12.22935968,0.0527563
12.25826998,0.0512164
12.28731729,0.049651
12.3165041,0.0481337
12.34582838,0.0467883
12.37529416,0.0459896
12.40489939,0.0455234
12.43464815,0.0451444
12.46453839,0.0451614
12.49457423,0.0454303
12.52475361,0.0458517
12.55507913,0.0466675
12.58555345,0.047911
12.61617606,0.0491313
12.64694645,0.0506765
12.67786892,0.0523661
12.70894135,0.0539778
12.74016647,0.0555235
12.77154704,0.0569398
12.80308093,0.0583062
12.83477258,0.0593546
12.86662151,0.0602219
12.89862724,0.060758
12.93079259,0.0609342
12.96312044,0.0609425
12.99560865,0.0607542
13.02826182,0.0602292
13.06107949,0.0593192
13.09406119,0.0579728
13.12720988,0.0562408
13.16052857,0.0541393
13.19401509,0.0518852
13.2276742,0.0494638
13.26150373,0.047
13.2955085,0.0446217
13.32968633,0.0424388
13.36404212,0.0404594
13.39857367,0.0387412
13.43328413,0.037419
13.46817672,0.0366895
13.50325104,0.0363146
13.5385067,0.0364524
13.57394877,0.0364946
13.60957504,0.0351698
13.64538882,0.0319248
13.68139346,0.0297581
13.7175886,0.0302481
13.75397387,0.0308666
13.79055457,0.0312944
13.82732847,0.0316964
13.86429901,0.0319814
13.90146972,0.0327991
13.93883833,0.0330974
13.97641034,0.0328395
14.01418544,0.0343064
14.05216332,0.0381156
14.09034759,0.0432474
14.12874194,0.0489564
14.1673441,0.0548001
14.20615979,0.0603891
14.24518673,0.0653293
14.28443073,0.0690389
14.3238895,0.0716339
14.36356893,0.0730352
14.40346674,0.0733073
14.44358682,0.0728052
14.48393312,0.0713129
14.52450546,0.0688471
14.56530361,0.0658495
14.60633375,0.0625506
14.64759355,0.0591232
14.68908711,0.0556486
14.7308186,0.0521832
14.77278788,0.0489525
14.81499479,0.0459386
15,0.04933
15.1,0.04933
15.2,0.04933
15.3,0.04933
15.4,0.04933
15.5,0.04933
15.6,0.04933
15.7,0.04933
15.8,0.04933
15.9,0.04933
16,0.04933
16.1,0.04933
16.2,0.04933
16.3,0.04933
16.4,0.04933
16.5,0.04933
16.6,0.04933
16.7,0.04933
16.8,0.04933
16.9,0.04933
17,0.04933
17.1,0.04933
17.2,0.04933
17.3,0.04933
17.4,0.04933
17.5,0.04933
17.6,0.04933
17.7,0.04933
17.8,0.04933
17.9,0.04933
18,0.04933
18.1,0.04933
18.2,0.04933
18.3,0.04933
18.4,0.04933
18.5,0.04933
18.6,0.04933
18.7,0.04933
18.8,0.04933
18.9,0.04933
19,0.04933
19.1,0.04933
19.2,0.04933
19.3,0.04933
19.4,0.04933
19.5,0.04933
19.6,0.04933
19.7,0.04933
19.8,0.04933
19.9,0.04933
20,0.04933
20.1,0.04933
20.2,0.04933
20.3,0.04933
20.4,0.04933
20.5,0.04933
20.6,0.04933
20.7,0.04933
20.8,0.04933
20.9,0.04933
21,0.04933
21.1,0.04933
21.2,0.04933
21.3,0.04933
21.4,0.04933
21.5,0.04933
21.6,0.04933
21.7,0.04933
21.8,0.04933
21.9,0.04933
22,0.04933
22.1,0.04933
22.2,0.04933
22.3,0.04933
22.4,0.04933
22.5,0.04933
22.6,0.04933
22.7,0.04933
22.8,0.04933
22.9,0.04933
23,0.04933
23.1,0.04933
23.2,0.04933
23.3,0.04933
23.4,0.04933
23.5,0.04933
23.6,0.04933
23.7,0.04933
23.8,0.04933
23.9,0.04933
24,0.04933
24.1,0.04933
24.2,0.04933
24.3,0.04933
24.4,0.04933
24.5,0.04933
24.6,0.04933
24.7,0.04933
24.8,0.04933
24.9,0.04933
25,0.04933
25.1,0.04933
25.2,0.04933
25.3,0.04933
25.4,0.04933
25.5,0.04933
25.6,0.04933
25.7,0.04933
25.8,0.04933
25.9,0.04933
26,0.04933
26.1,0.04933
26.2,0.04933
26.3,0.04933
26.4,0.04933
26.5,0.04933
26.6,0.04933
26.7,0.04933
26.8,0.04933
26.9,0.04933
27,0.04933
27.1,0.04933
27.2,0.04933
27.3,0.04933
27.4,0.04933
27.5,0.04933
27.6,0.04933
27.7,0.04933
27.8,0.04933
27.9,0.04933
28,0.04933
28.1,0.04933
28.2,0.04933
28.3,0.04933
28.4,0.04933
28.5,0.04933
28.6,0.04933
28.7,0.04933
28.8,0.04933
28.9,0.04933
29,0.04933
29.1,0.04933
29.2,0.04933
29.3,0.04933
29.4,0.04933
29.5,0.04933
29.6,0.04933
29.7,0.04933
29.8,0.04933
29.9,0.04933
30,0.04933
30.1,0.04933
30.2,0.04933
30.3,0.04933
30.4,0.04933
30.5,0.04933
30.6,0.04933
30.7,0.04933
30.8,0.04933
30.9,0.04933
31,0.04933
31.1,0.04933
31.2,0.04933
31.3,0.04933
31.4,0.04933
31.5,0.04933
31.6,0.04933
31.7,0.04933
31.8,0.04933
31.9,0.04933
32,0.04933
32.1,0.04933
32.2,0.04933
32.3,0.04933
32.4,0.04933
32.5,0.04933
32.6,0.04933
32.7,0.04933
32.8,0.04933
32.9,0.04933
33,0.04933
33.1,0.04933
33.2,0.04933
33.3,0.04933
33.4,0.04933
33.5,0.04933
33.6,0.04933
33.7,0.04933
33.8,0.04933
33.9,0.04933
34,0.04933
34.1,0.04933
34.2,0.04933
34.3,0.04933
34.4,0.04933
34.5,0.04933
34.6,0.04933
34.7,0.04933
34.8,0.04933
34.9,0.04933
35,0.04933
35.1,0.04933
35.2,0.04933
35.3,0.04933
35.4,0.04933
35.5,0.04933
35.6,0.04933
35.7,0.04933
35.8,0.04933
35.9,0.04933
36,0.04933
36.1,0.04933
36.2,0.04933
36.3,0.04933
36.4,0.04933
36.5,0.04933
36.6,0.04933
36.7,0.04933
36.8,0.04933
36.9,0.04933
37,0.04933
37.1,0.04933
37.2,0.04933
37.3,0.04933
37.4,0.04933
37.5,0.04933
37.6,0.04933
37.7,0.04933
37.8,0.04933
37.9,0.04933
38,0.04933
38.1,0.04933
38.2,0.04933
38.3,0.04933
38.4,0.04933
38.5,0.04933
38.6,0.04933
38.7,0.04933
38.8,0.04933
38.9,0.04933
39,0.04933
39.1,0.04933
39.2,0.04933
39.3,0.04933
39.4,0.04933
39.5,0.04933
39.6,0.04933
39.7,0.04933
39.8,0.04933
39.9,0.04933
40,0.04933
40.1,0.04933
40.2,0.04933
40.3,0.04933
40.4,0.04933
40.5,0.04933
40.6,0.04933
40.7,0.04933
40.8,0.04933
40.9,0.04933
41,0.04933
41.1,0.04933
41.2,0.04933
41.3,0.04933
41.4,0.04933
41.5,0.04933
41.6,0.04933
41.7,0.04933
41.8,0.04933
41.9,0.04933
42,0.04933
42.1,0.04933
42.2,0.04933
42.3,0.04933
42.4,0.04933
42.5,0.04933
42.6,0.04933
42.7,0.04933
42.8,0.04933
42.9,0.04933
43,0.04933
43.1,0.04933
43.2,0.04933
43.3,0.04933
43.4,0.04933
43.5,0.04933
43.6,0.04933
43.7,0.04933
43.8,0.04933
43.9,0.04933
44,0.04933
44.1,0.04933
44.2,0.04933
44.3,0.04933
44.4,0.04933
44.5,0.04933
44.6,0.04933
44.7,0.04933
44.8,0.04933
44.9,0.04933
45,0.04933
45.1,0.04933
45.2,0.04933
45.3,0.04933
45.4,0.04933
45.5,0.04933
45.6,0.04933
45.7,0.04933
45.8,0.04933
45.9,0.04933
46,0.04933
46.1,0.04933
46.2,0.04933
46.3,0.04933
46.4,0.04933
46.5,0.04933
46.6,0.04933
46.7,0.04933
46.8,0.04933
46.9,0.04933
47,0.04933
47.1,0.04933
47.2,0.04933
47.3,0.04933
47.4,0.04933
47.5,0.04933
47.6,0.04933
47.7,0.04933
47.8,0.04933
47.9,0.04933
48,0.04933
48.1,0.04933
48.2,0.04933
48.3,0.04933
48.4,0.04933
48.5,0.04933
48.6,0.04933
48.7,0.04933
48.8,0.04933
48.9,0.04933
49,0.04933
49.1,0.04933
49.2,0.04933
49.3,0.04933
49.4,0.04933
49.5,0.04933
49.6,0.04933
49.7,0.04933
49.8,0.04933
49.9,0.04933
50,0.04933
50.1,0.04933
50.2,0.04933
50.3,0.04933
50.4,0.04933
50.5,0.04933
50.6,0.04933
50.7,0.04933
50.8,0.04933
50.9,0.04933
51,0.04933
51.1,0.04933
51.2,0.04933
51.3,0.04933
51.4,0.04933
51.5,0.04933
51.6,0.04933
51.7,0.04933
51.8,0.04933
51.9,0.04933
52,0.04933
52.1,0.04933
52.2,0.04933
52.3,0.04933
52.4,0.04933
52.5,0.04933
52.6,0.04933
52.7,0.04933
52.8,0.04933
52.9,0.04933
53,0.04933
53.1,0.04933
53.2,0.04933
53.3,0.04933
53.4,0.04933
53.5,0.04933
53.6,0.04933
53.7,0.04933
53.8,0.04933
53.9,0.04933
54,0.04933
54.1,0.04933
54.2,0.04933
54.3,0.04933
54.4,0.04933
54.5,0.04933
54.6,0.04933
54.7,0.04933
54.8,0.04933
54.9,0.04933
55,0.04933
55.1,0.04933
55.2,0.04933
55.3,0.04933
55.4,0.04933
55.5,0.04933
55.6,0.04933
55.7,0.04933
55.8,0.04933
55.9,0.04933
56,0.04933
56.1,0.04933
56.2,0.04933
56.3,0.04933
56.4,0.04933
56.5,0.04933
56.6,0.04933
56.7,0.04933
56.8,0.04933
56.9,0.04933
57,0.04933
57.1,0.04933
57.2,0.04933
57.3,0.04933
57.4,0.04933
57.5,0.04933
57.6,0.04933
57.7,0.04933
57.8,0.04933
57.9,0.04933
58,0.04933
58.1,0.04933
58.2,0.04933
58.3,0.04933
58.4,0.04933
58.5,0.04933
58.6,0.04933
58.7,0.04933
58.8,0.04933
58.9,0.04933
59,0.04933
59.1,0.04933
59.2,0.04933
59.3,0.04933
59.4,0.04933
59.5,0.04933
59.6,0.04933
59.7,0.04933
59.8,0.04933
59.9,0.04933
60,0.04933
60.1,0.04933
60.2,0.04933
60.3,0.04933
60.4,0.04933
60.5,0.04933
60.6,0.04933
60.7,0.04933
60.8,0.04933
60.9,0.04933
61,0.04933
61.1,0.04933
61.2,0.04933
61.3,0.04933
61.4,0.04933
61.5,0.04933
61.6,0.04933
61.7,0.04933
61.8,0.04933
61.9,0.04933
62,0.04933
62.1,0.04933
62.2,0.04933
62.3,0.04933
62.4,0.04933
62.5,0.04933
62.6,0.04933
62.7,0.04933
62.8,0.04933
62.9,0.04933
63,0.04933
63.1,0.04933
63.2,0.04933
63.3,0.04933
63.4,0.04933
63.5,0.04933
63.6,0.04933
63.7,0.04933
63.8,0.04933
63.9,0.04933
64,0.04933
64.1,0.04933
64.2,0.04933
64.3,0.04933
64.4,0.04933
64.5,0.04933
64.6,0.04933
64.7,0.04933
64.8,0.04933
64.9,0.04933
65,0.04933
65.1,0.04933
65.2,0.04933
65.3,0.04933
65.4,0.04933
65.5,0.04933
65.6,0.04933
65.7,0.04933
65.8,0.04933
65.9,0.04933
66,0.04933
66.1,0.04933
66.2,0.04933
66.3,0.04933
66.4,0.04933
66.5,0.04933
66.6,0.04933
66.7,0.04933
66.8,0.04933
66.9,0.04933
67,0.04933
67.1,0.04933
67.2,0.04933
67.3,0.04933
67.4,0.04933
67.5,0.04933
67.6,0.04933
67.7,0.04933
67.8,0.04933
67.9,0.04933
68,0.04933
68.1,0.04933
68.2,0.04933
68.3,0.04933
68.4,0.04933
68.5,0.04933
68.6,0.04933
68.7,0.04933
68.8,0.04933
68.9,0.04933
69,0.04933
69.1,0.04933
69.2,0.04933
69.3,0.04933
69.4,0.04933
69.5,0.04933
69.6,0.04933
69.7,0.04933
69.8,0.04933
69.9,0.04933
70,0.04933
70.1,0.04933
70.2,0.04933
70.3,0.04933
70.4,0.04933
70.5,0.04933
70.6,0.04933
70.7,0.04933
70.8,0.04933
70.9,0.04933
71,0.04933
71.1,0.04933
71.2,0.04933
71.3,0.04933
71.4,0.04933
71.5,0.04933
71.6,0.04933
71.7,0.04933
71.8,0.04933
71.9,0.04933
72,0.04933
72.1,0.04933
72.2,0.04933
72.3,0.04933
72.4,0.04933
72.5,0.04933
72.6,0.04933
72.7,0.04933
72.8,0.04933
72.9,0.04933
73,0.04933
73.1,0.04933
73.2,0.04933
73.3,0.04933
73.4,0.04933
73.5,0.04933
73.6,0.04933
73.7,0.04933
73.8,0.04933
73.9,0.04933
74,0.04933
74.1,0.04933
74.2,0.04933
74.3,0.04933
74.4,0.04933
74.5,0.04933
74.6,0.04933
74.7,0.04933
74.8,0.04933
74.9,0.04933
75,0.04933
75.1,0.04933
75.2,0.04933
75.3,0.04933
75.4,0.04933
75.5,0.04933
75.6,0.04933
75.7,0.04933
75.8,0.04933
75.9,0.04933
76,0.04933
76.1,0.04933
76.2,0.04933
76.3,0.04933
76.4,0.04933
76.5,0.04933
76.6,0.04933
76.7,0.04933
76.8,0.04933
76.9,0.04933
77,0.04933
77.1,0.04933
77.2,0.04933
77.3,0.04933
77.4,0.04933
77.5,0.04933
77.6,0.04933
77.7,0.04933
77.8,0.04933
77.9,0.04933
78,0.04933
78.1,0.04933
78.2,0.04933
78.3,0.04933
78.4,0.04933
78.5,0.04933
78.6,0.04933
78.7,0.04933
78.8,0.04933
78.9,0.04933
79,0.04933
79.1,0.04933
79.2,0.04933
79.3,0.04933
79.4,0.04933
79.5,0.04933
79.6,0.04933
79.7,0.04933
79.8,0.04933
79.9,0.04933
80,0.04933
80.1,0.04933
80.2,0.04933
80.3,0.04933
80.4,0.04933
80.5,0.04933
80.6,0.04933
80.7,0.04933
80.8,0.04933
80.9,0.04933
81,0.04933
81.1,0.04933
81.2,0.04933
81.3,0.04933
81.4,0.04933
81.5,0.04933
81.6,0.04933
81.7,0.04933
81.8,0.04933
81.9,0.04933
82,0.04933
82.1,0.04933
82.2,0.04933
82.3,0.04933
82.4,0.04933
82.5,0.04933
82.6,0.04933
82.7,0.04933
82.8,0.04933
82.9,0.04933
83,0.04933
83.1,0.04933
83.2,0.04933
83.3,0.04933
83.4,0.04933
83.5,0.04933
83.6,0.04933
83.7,0.04933
83.8,0.04933
83.9,0.04933
84,0.04933
84.1,0.04933
84.2,0.04933
84.3,0.04933
84.4,0.04933
84.5,0.04933
84.6,0.04933
84.7,0.04933
84.8,0.04933
84.9,0.04933
85,0.04933
85.1,0.04933
85.2,0.04933
85.3,0.04933
85.4,0.04933
85.5,0.04933
85.6,0.04933
85.7,0.04933
85.8,0.04933
85.9,0.04933
86,0.04933
86.1,0.04933
86.2,0.04933
86.3,0.04933
86.4,0.04933
86.5,0.04933
86.6,0.04933
86.7,0.04933
86.8,0.04933
86.9,0.04933
87,0.04933
87.1,0.04933
87.2,0.04933
87.3,0.04933
87.4,0.04933
87.5,0.04933
87.6,0.04933
87.7,0.04933
87.8,0.04933
87.9,0.04933
88,0.04933
88.1,0.04933
88.2,0.04933
88.3,0.04933
88.4,0.04933
88.5,0.04933
88.6,0.04933
88.7,0.04933
88.8,0.04933
88.9,0.04933
89,0.04933
89.1,0.04933
89.2,0.04933
89.3,0.04933
89.4,0.04933
89.5,0.04933
89.6,0.04933
89.7,0.04933
89.8,0.04933
89.9,0.04933
90,0.04933
90.1,0.04933
90.2,0.04933
90.3,0.04933
90.4,0.04933
90.5,0.04933
90.6,0.04933
90.7,0.04933
90.8,0.04933
90.9,0.04933
91,0.04933
91.1,0.04933
91.2,0.04933
91.3,0.04933
91.4,0.04933
91.5,0.04933
91.6,0.04933
91.7,0.04933
91.8,0.04933
91.9,0.04933
92,0.04933
92.1,0.04933
92.2,0.04933
92.3,0.04933
92.4,0.04933
92.5,0.04933
92.6,0.04933
92.7,0.04933
92.8,0.04933
92.9,0.04933
93,0.04933
93.1,0.04933
93.2,0.04933
93.3,0.04933
93.4,0.04933
93.5,0.04933
93.6,0.04933
93.7,0.04933
93.8,0.04933
93.9,0.04933
94,0.04933
94.1,0.04933
94.2,0.04933
94.3,0.04933
94.4,0.04933
94.5,0.04933
94.6,0.04933
94.7,0.04933
94.8,0.04933
94.9,0.04933
95,0.04933
95.1,0.04933
95.2,0.04933
95.3,0.04933
95.4,0.04933
95.5,0.04933
95.6,0.04933
95.7,0.04933
95.8,0.04933
95.9,0.04933
96,0.04933
96.1,0.04933
96.2,0.04933
96.3,0.04933
96.4,0.04933
96.5,0.04933
96.6,0.04933
96.7,0.04933
96.8,0.04933
96.9,0.04933
97,0.04933
97.1,0.04933
97.2,0.04933
97.3,0.04933
97.4,0.04933
97.5,0.04933
97.6,0.04933
97.7,0.04933
97.8,0.04933
97.9,0.04933
98,0.04933
98.1,0.04933
98.2,0.04933
98.3,0.04933
98.4,0.04933
98.5,0.04933
98.6,0.04933
98.7,0.04933
98.8,0.04933
98.9,0.04933
99,0.04933
99.1,0.04933
99.2,0.04933
99.3,0.04933
99.4,0.04933
99.5,0.04933
99.6,0.04933
99.7,0.04933
99.8,0.04933
99.9,0.04933
100,0.04933
100.1,0.04933
100.2,0.04933
100.3,0.04933
100.4,0.04933
100.5,0.04933
100.6,0.04933
100.7,0.04933
100.8,0.04933
100.9,0.04933
101,0.04933
101.1,0.04933
101.2,0.04933
101.3,0.04933
101.4,0.04933
101.5,0.04933
101.6,0.04933
101.7,0.04933
101.8,0.04933
101.9,0.04933
102,0.04933
102.1,0.04933
102.2,0.04933
102.3,0.04933
102.4,0.04933
102.5,0.04933
102.6,0.04933
102.7,0.04933
102.8,0.04933
102.9,0.04933
103,0.04933
103.1,0.04933
103.2,0.04933
103.3,0.04933
103.4,0.04933
103.5,0.04933
103.6,0.04933
103.7,0.04933
103.8,0.04933
103.9,0.04933
104,0.04933
104.1,0.04933
104.2,0.04933
104.3,0.04933
104.4,0.04933
104.5,0.04933
104.6,0.04933
104.7,0.04933
104.8,0.04933
104.9,0.04933
105,0.04933
105.1,0.04933
105.2,0.04933
105.3,0.04933
105.4,0.04933
105.5,0.04933
105.6,0.04933
105.7,0.04933
105.8,0.04933
105.9,0.04933
106,0.04933
106.1,0.04933
106.2,0.04933
106.3,0.04933
106.4,0.04933
106.5,0.04933
106.6,0.04933
106.7,0.04933
106.8,0.04933
106.9,0.04933
107,0.04933
107.1,0.04933
107.2,0.04933
107.3,0.04933
107.4,0.04933
107.5,0.04933
107.6,0.04933
107.7,0.04933
107.8,0.04933
107.9,0.04933
108,0.04933
108.1,0.04933
108.2,0.04933
108.3,0.04933
108.4,0.04933
108.5,0.04933
108.6,0.04933
108.7,0.04933
108.8,0.04933
108.9,0.04933
109,0.04933
109.1,0.04933
109.2,0.04933
109.3,0.04933
109.4,0.04933
109.5,0.04933
109.6,0.04933
109.7,0.04933
109.8,0.04933
109.9,0.04933
110,0.04933
110.1,0.04933
110.2,0.04933
110.3,0.04933
110.4,0.04933
110.5,0.04933
110.6,0.04933
110.7,0.04933
110.8,0.04933
110.9,0.04933
111,0.04933
111.1,0.04933
111.2,0.04933
111.3,0.04933
111.4,0.04933
111.5,0.04933
111.6,0.04933
111.7,0.04933
111.8,0.04933
111.9,0.04933
112,0.04933
112.1,0.04933
112.2,0.04933
112.3,0.04933
112.4,0.04933
112.5,0.04933
112.6,0.04933
112.7,0.04933
112.8,0.04933
112.9,0.04933
113,0.04933
113.1,0.04933
113.2,0.04933
113.3,0.04933
113.4,0.04933
113.5,0.04933
113.6,0.04933
113.7,0.04933
113.8,0.04933
113.9,0.04933
114,0.04933
114.1,0.04933
114.2,0.04933
114.3,0.04933
114.4,0.04933
114.5,0.04933
114.6,0.04933
114.7,0.04933
114.8,0.04933
114.9,0.04933
115,0.04933
115.1,0.04933
115.2,0.04933
115.3,0.04933
115.4,0.04933
115.5,0.04933
115.6,0.04933
115.7,0.04933
115.8,0.04933
115.9,0.04933
116,0.04933
116.1,0.04933
116.2,0.04933
116.3,0.04933
116.4,0.04933
116.5,0.04933
116.6,0.04933
116.7,0.04933
116.8,0.04933
116.9,0.04933
117,0.04933
117.1,0.04933
117.2,0.04933
117.3,0.04933
117.4,0.04933
117.5,0.04933
117.6,0.04933
117.7,0.04933
117.8,0.04933
117.9,0.04933
118,0.04933
118.1,0.04933
118.2,0.04933
118.3,0.04933
118.4,0.04933
118.5,0.04933
118.6,0.04933
118.7,0.04933
118.8,0.04933
118.9,0.04933
119,0.04933
119.1,0.04933
119.2,0.04933
119.3,0.04933
119.4,0.04933
119.5,0.04933
119.6,0.04933
119.7,0.04933
119.8,0.04933
119.9,0.04933
120,0.04933
120.1,0.04933
120.2,0.04933
120.3,0.04933
120.4,0.04933
120.5,0.04933
120.6,0.04933
120.7,0.04933
120.8,0.04933
120.9,0.04933
121,0.04933
121.1,0.04933
121.2,0.04933
121.3,0.04933
121.4,0.04933
121.5,0.04933
121.6,0.04933
121.7,0.04933
121.8,0.04933
121.9,0.04933
122,0.04933
122.1,0.04933
122.2,0.04933
122.3,0.04933
122.4,0.04933
122.5,0.04933
122.6,0.04933
122.7,0.04933
122.8,0.04933
122.9,0.04933
123,0.04933
123.1,0.04933
123.2,0.04933
123.3,0.04933
123.4,0.04933
123.5,0.04933
123.6,0.04933
123.7,0.04933
123.8,0.04933
123.9,0.04933
124,0.04933
124.1,0.04933
124.2,0.04933
124.3,0.04933
124.4,0.04933
124.5,0.04933
124.6,0.04933
124.7,0.04933
124.8,0.04933
124.9,0.04933
125,0.04933
125.1,0.04933
125.2,0.04933
125.3,0.04933
125.4,0.04933
125.5,0.04933
125.6,0.04933
125.7,0.04933
125.8,0.04933
125.9,0.04933
126,0.04933
126.1,0.04933
126.2,0.04933
126.3,0.04933
126.4,0.04933
126.5,0.04933
126.6,0.04933
126.7,0.04933
126.8,0.04933
126.9,0.04933
127,0.04933
127.1,0.04933
127.2,0.04933
127.3,0.04933
127.4,0.04933
127.5,0.04933
127.6,0.04933
127.7,0.04933
127.8,0.04933
127.9,0.04933
128,0.04933
128.1,0.04933
128.2,0.04933
128.3,0.04933
128.4,0.04933
128.5,0.04933
128.6,0.04933
128.7,0.04933
128.8,0.04933
128.9,0.04933
129,0.04933
129.1,0.04933
129.2,0.04933
129.3,0.04933
129.4,0.04933
129.5,0.04933
129.6,0.04933
129.7,0.04933
129.8,0.04933
129.9,0.04933
130,0.04933
130.1,0.04933
130.2,0.04933
130.3,0.04933
130.4,0.04933
130.5,0.04933
130.6,0.04933
130.7,0.04933
130.8,0.04933
130.9,0.04933
131,0.04933
