wavelength,trans
2.500119381,0.8585844
2.501325703,0.8590753
2.502533189,0.8592174
2.503741215,0.8592806
2.504951036,0.8593777
2.506161398,0.8594858
2.507373559,0.8597706
2.508586264,0.8598648
2.509800772,0.8596788
2.511015826,0.8594195
2.512232689,0.8594819
2.513450732,0.8599342
2.514669323,0.8603669
2.515889731,0.861022
2.517110689,0.8620441
2.518333468,0.8627786
2.5195568,0.863598
2.520781957,0.8645493
2.522007669,0.8648545
2.523235211,0.8651914
2.524463312,0.8658954
2.525693246,0.8662217
2.526924379,0.8664576
2.528156074,0.8666637
2.52938961,0.8664812
2.53062371,0.8663978
2.531859656,0.8666441
2.533096168,0.8661999
2.534334531,0.8655757
2.535573462,0.8658517
2.536814248,0.8656448
2.538055606,0.8648128
2.539298823,0.8639426
2.540542614,0.8630019
2.54178827,0.862423
2.543035148,0.861616
2.544282603,0.8604044
2.54553193,0.8595644
2.546781836,0.8596505
2.548033619,0.8598829
2.549285983,0.859418
2.55054023,0.8592233
2.55179506,0.8590842
2.553051778,0.8585765
2.554309734,0.8573193
2.555568277,0.8569962
2.556828714,0.8575972
2.558089741,0.8588117
2.559352668,0.8603108
2.560616187,0.8620615
2.56188161,0.8629145
2.563147627,0.8627741
2.564415554,0.8617882
2.565684736,0.8601929
2.566954516,0.8597897
2.568225554,0.8610072
2.569498511,0.8620855
2.570772731,0.8611922
2.572047553,0.861595
2.573324303,0.8630578
2.574601658,0.862295
2.575880945,0.8627285
2.57716084,0.8630772
2.578442672,0.8622459
2.579725115,0.8626991
2.5810095,0.8640419
2.582295165,0.8652551
2.583581443,0.8673257
2.584869672,0.8671191
2.586158518,0.8684338
2.587449318,0.8708144
2.588740738,0.8716776
2.590034119,0.8719485
2.59132812,0.8727018
2.592624088,0.8751502
2.593921353,0.8798062
2.595219243,0.8806195
2.596519106,0.8765852
2.597819598,0.8745192
2.599122069,0.8741253
2.60042517,0.8750323
2.601730255,0.8759361
2.603035973,0.8765051
2.604343681,0.8778049
2.605652024,0.8777995
2.606962362,0.8764311
2.608274019,0.8757814
2.609586315,0.8753328
2.610900615,0.8743568
2.612215556,0.8743243
2.613532505,0.8745015
2.6148501,0.874971
2.616169708,0.877208
2.617489963,0.8766528
2.618812238,0.8757613
2.620135849,0.8767502
2.621460111,0.8750794
2.622785713,0.8740121
2.624113345,0.8747852
2.625442321,0.8779308
2.626771955,0.8807219
2.628103626,0.8812415
2.629435957,0.8843591
2.630770332,0.8860822
2.632105368,0.8851047
2.633442454,0.8859461
2.634780205,0.8860237
2.636120011,0.8857922
2.63746118,0.8861214
2.638803018,0.8869333
2.640146919,0.8880022
2.641491492,0.8889282
2.642838133,0.8891896
2.644185449,0.8899911
2.64553484,0.891013
2.646884908,0.8905115
2.648237055,0.8900957
2.649590585,0.8902268
2.650944797,0.8912806
2.652301097,0.8924541
2.653658081,0.8918915
2.655017159,0.8918216
2.656376925,0.8914767
2.657738791,0.89156
2.659101346,0.8926955
2.660466007,0.8931899
2.661831361,0.8932907
2.663198827,0.8946877
2.664567698,0.898087
2.665937266,0.9001274
2.667308955,0.8987714
2.668681343,0.8981179
2.670055858,0.9009471
2.671431075,0.8986017
2.672808424,0.8966078
2.674186479,0.8972672
2.675566672,0.8997387
2.67694829,0.9007722
2.678330618,0.9002574
2.679715093,0.8990444
2.681100281,0.8973358
2.682487621,0.8976257
2.683875678,0.8981312
2.685265892,0.8980166
2.686656826,0.8972471
2.688049925,0.8964466
2.689444468,0.896221
2.690839736,0.8960622
2.692236452,0.8972627
2.693635344,0.8981715
2.69503569,0.8964971
2.696436767,0.8942135
2.697840028,0.8927892
2.699244023,0.8923343
2.700650209,0.8924014
2.70205713,0.8914727
2.703466249,0.8901369
2.704876107,0.8897132
2.706288169,0.889663
2.707701706,0.8909012
2.709115986,0.892763
2.710532479,0.8934703
2.711949718,0.8912006
2.713369177,0.889314
2.714789385,0.8889216
2.716211819,0.8890726
2.717635005,0.8895452
2.719060423,0.8917545
2.720486597,0.8939938
2.721915009,0.8912711
2.723344921,0.8911668
2.724775594,0.8914561
2.726208515,0.8892215
2.727642199,0.8874026
2.729078137,0.886579
2.730514841,0.8860844
2.731953806,0.8853882
2.733393541,0.8852914
2.734835542,0.8850227
2.736279065,0.8827976
2.737723364,0.8825018
2.739169938,0.8834174
2.740617291,0.8815451
2.742066926,0.8770747
2.743517343,0.8736483
2.744970048,0.8732427
2.746423539,0.8745319
2.747879324,0.8765946
2.749336654,0.8793036
2.750794773,0.882215
2.75225444,0.8844238
2.753716416,0.8872247
2.755179945,0.8900972
2.756644271,0.8875178
2.758110915,0.8847321
2.759578359,0.883627
2.761048127,0.8836583
2.762518699,0.8829922
2.763991602,0.8794065
2.765465312,0.8750494
2.766941359,0.8708033
2.768418984,0.8651219
2.76989742,0.8597113
2.771378204,0.8539544
2.772859803,0.8482092
2.774343757,0.8454158
2.775828529,0.8480891
2.777315663,0.8563377
2.778803619,0.8675371
2.780293944,0.8790504
2.781785868,0.88897
2.783278619,0.8961967
2.784773748,0.901965
2.786269709,0.907451
2.787768054,0.9106098
2.789267234,0.9116216
2.790768807,0.9127036
2.792271217,0.9141051
2.793776026,0.9152812
2.795281676,0.9162307
2.796789733,0.9169653
2.798299417,0.9175617
2.799809949,0.9184158
2.801322897,0.9202702
2.802836695,0.9224273
2.804352917,0.9227566
2.805869992,0.9222579
2.807389498,0.9226131
2.808909862,0.9234782
2.810432663,0.9238808
2.811957117,0.9245528
2.813482433,0.9258344
2.815010197,0.9267604
2.816538829,0.9270776
2.818069915,0.9279943
2.819601872,0.9290659
2.821136292,0.9293353
2.822671585,0.9290823
2.824209348,0.9289293
2.825748788,0.9290738
2.827289108,0.9294402
2.828831107,0.9297017
2.830375591,0.9300727
2.831921762,0.9305775
2.83346882,0.9308759
2.835018374,0.9309035
2.836568818,0.9310543
2.838121765,0.9312264
2.839675607,0.9308588
2.841231958,0.9303004
2.842789208,0.9301208
2.844348975,0.9301682
2.845910455,0.9300236
2.847472839,0.9298073
2.849037752,0.9292819
2.850603573,0.9283374
2.852171929,0.9280775
2.853741198,0.9286317
2.855313009,0.9286163
2.856885737,0.9280187
2.858461016,0.9277345
2.860037215,0.9274892
2.861615972,0.9272979
2.863196473,0.9271955
2.864777899,0.927029
2.866361896,0.9268732
2.867946823,0.926712
2.869534326,0.9267534
2.871122764,0.9267145
2.872713787,0.9264687
2.874305747,0.9261005
2.875900301,0.9257909
2.877496624,0.9256611
2.879093892,0.9254936
2.880693763,0.9253871
2.882294583,0.925153
2.883898015,0.9246325
2.885502399,0.9241069
2.887109403,0.9236467
2.888717363,0.922914
2.890327951,0.9222079
2.891940336,0.9216217
2.893553683,0.9210423
2.895168832,0.920248
2.896786624,0.9194201
2.898406224,0.9189498
2.900026796,0.9188953
2.901650023,0.9186047
2.903274226,0.9179305
2.904901091,0.9172699
2.906528936,0.9166078
2.908159452,0.9161968
2.909790952,0.9159097
2.911425131,0.9155048
2.913061147,0.9153236
2.914698152,0.9152814
2.91633785,0.9153527
2.917978541,0.9155555
2.919621932,0.9157952
2.921266322,0.9161103
2.92291342,0.916367
2.92456152,0.9164341
2.926212337,0.9165319
2.927865018,0.9165495
2.929518709,0.9166482
2.931175129,0.91684
2.932832562,0.9168127
2.934492732,0.9167122
2.93615392,0.9167289
2.937817854,0.9170427
2.93948281,0.9174255
2.941150519,0.9172989
2.942819256,0.9167542
2.944490755,0.9162617
2.946164153,0.915943
2.947838586,0.9156934
2.949515793,0.9150496
2.951194038,0.9143729
2.952875067,0.9136649
2.954557138,0.91284
2.956242002,0.9120798
2.957927912,0.9113878
2.959616623,0.9106918
2.961307263,0.9098816
2.962998958,0.9089906
2.964692587,0.9083654
2.966389032,0.9084236
2.968087421,0.9087095
2.969786873,0.9090916
2.971489156,0.9095757
2.973192507,0.9101769
2.974898697,0.9109421
2.976605961,0.9114503
2.978316072,0.9117661
2.980027261,0.9122725
2.981741307,0.9129597
2.983457326,0.9137699
2.98517443,0.9143452
2.986894403,0.9146752
2.988615467,0.9151302
2.99033941,0.9155975
2.992064447,0.9160117
2.993792372,0.9164964
2.995521396,0.9171136
2.997253317,0.9176346
2.998987242,0.9178847
3.000722274,0.9179781
3.002460216,0.9182823
3.00419927,0.9187343
3.005941243,0.9190443
3.007684333,0.919276
3.009430351,0.9194768
3.011177491,0.9194138
3.012927568,0.9193568
3.014678772,0.9194415
3.016432923,0.9194753
3.018189117,0.919574
3.019946444,0.9197755
3.021706732,0.9200584
3.02346816,0.9204954
3.025232557,0.9207601
3.026998099,0.920603
3.02876662,0.9203049
3.03053629,0.9203649
3.032308949,0.9206967
3.034083682,0.9209738
3.035859573,0.9210098
3.037638467,0.9210986
3.039418523,0.9210784
3.041201591,0.9210603
3.042985826,0.9213414
3.044773084,0.9214765
3.046561514,0.9210986
3.048352975,0.9210191
3.050146544,0.9213129
3.051941294,0.921328
3.053738157,0.9211817
3.055538071,0.9211368
3.057340108,0.9211515
3.059143336,0.9207972
3.060949629,0.9205798
3.062757118,0.920537
3.064567683,0.9203882
3.066379449,0.9199931
3.0681943,0.9197301
3.070010358,0.9198454
3.071829511,0.9197088
3.073650821,0.9194262
3.075473346,0.9191331
3.077298981,0.9188062
3.079125836,0.9186172
3.080955811,0.9184587
3.082787012,0.9181614
3.084621343,0.9179885
3.086456905,0.9177868
3.088295607,0.9174842
3.090135546,0.9172175
3.091978634,0.9169904
3.093823923,0.9166058
3.095670457,0.915991
3.097520156,0.9151273
3.099371107,0.9142861
3.101225232,0.9136443
3.103080614,0.9129273
3.104939182,0.9121029
3.106799012,0.9111985
3.108662038,0.9103964
3.1105273,0.9095307
3.112393832,0.9084272
3.114263576,0.9072046
3.116134597,0.9060567
3.11800884,0.9050936
3.119884365,0.9041148
3.121763122,0.9031255
3.123643167,0.9022764
3.125526456,0.901428
3.127412017,0.9005123
3.129298874,0.8995914
3.13118801,0.8987198
3.13308041,0.8981017
3.134975099,0.8975823
3.136871097,0.8971849
3.138770374,0.8969043
3.140670967,0.8968309
3.14257485,0.8966744
3.144480054,0.8963123
3.146388559,0.895808
3.148298392,0.8952953
3.150211537,0.8949608
3.152127008,0.8947417
3.154043815,0.8944199
3.155963951,0.8939619
3.157885429,0.8931924
3.159810247,0.8924437
3.161736413,0.891784
3.16366593,0.8909286
3.1655968,0.8901673
3.167531033,0.8893639
3.169467631,0.888592
3.171405592,0.8877414
3.173345925,0.886631
3.175289642,0.8854958
3.177235741,0.8844978
3.179183217,0.8835529
3.181134093,0.8825783
3.183086352,0.8816702
3.185042023,0.8808998
3.186999083,0.8800064
3.188959567,0.8789
3.190921446,0.877878
3.192886759,0.8771124
3.194854495,0.8761861
3.196823636,0.8749089
3.198796229,0.873637
3.200770233,0.8723601
3.202747701,0.8709943
3.204726587,0.8697514
3.206708948,0.8680862
3.208692734,0.8658588
3.210680006,0.863218
3.212668709,0.8604609
3.214660911,0.8574352
3.216655585,0.8542773
3.2186517,0.8505256
3.220651332,0.8460428
3.222652411,0.8413103
3.224657017,0.8358427
3.226663079,0.8290787
3.22867268,0.8213947
3.230683742,0.8131898
3.232698356,0.8047925
3.234715484,0.7966661
3.236734084,0.7891998
3.238756253,0.78275
3.2407799,0.7774774
3.24280713,0.7730279
3.244835844,0.7692426
3.246868152,0.7658508
3.248901952,0.7623328
3.250939359,0.7588568
3.252979322,0.7556908
3.255020788,0.7525375
3.257064818,0.749399
3.259112478,0.7460598
3.261162715,0.7422773
3.263214469,0.7378179
3.265269871,0.7331743
3.267326797,0.7283618
3.269387385,0.7232629
3.271449504,0.7180473
3.273515297,0.7124171
3.275582628,0.7063275
3.277653646,0.6999648
3.279727284,0.693118
3.281802471,0.6859845
3.283881364,0.6785115
3.285961813,0.6704346
3.28804598,0.6619225
3.290131711,0.6532455
3.292221173,0.644509
3.294312205,0.6361357
3.296406982,0.6281237
3.298504425,0.6202639
3.300603449,0.6124955
3.302706237,0.6050454
3.304810615,0.5978967
3.306918769,0.5906145
3.309028519,0.5831892
3.311142059,0.575845
3.313257204,0.56827
3.315376151,0.5606223
3.31749671,0.5526571
3.319621085,0.543969
3.321748183,0.5342911
3.323876904,0.5238562
3.326009461,0.5130598
3.328143648,0.5017836
3.330281685,0.489502
3.332421361,0.4763297
3.334564899,0.4622788
3.336710084,0.4469819
3.338859145,0.4301645
3.341010977,0.4119527
3.343164466,0.3916753
3.345320733,0.369192
3.347480903,0.3442207
3.349643866,0.3166672
3.351808502,0.2863969
3.353977062,0.2533042
3.356147304,0.2175495
3.358321484,0.1798287
3.360497354,0.1417587
3.362677175,0.1053623
3.364858694,0.0729289
3.36704418,0.0470615
3.369232506,0.0285855
3.371422541,0.0169243
3.373616564,0.0102802
3.375812305,0.0069618
3.378012047,0.0055309
3.380213515,0.0050396
3.382418998,0.0046805
3.384626215,0.004403
3.386837463,0.0040995
3.389051601,0.0037923
3.391267486,0.0035645
3.393487423,0.003411
3.395709114,0.0032073
3.397934871,0.0031026
3.400162392,0.0029339
3.402393992,0.0027885
3.404627365,0.0026734
3.406864833,0.0027731
3.409104081,0.0028607
3.411347438,0.0029717
3.41359375,0.0030593
3.415841855,0.0030351
3.418094091,0.002926
3.42034813,0.0030654
3.422606315,0.0030988
3.42486631,0.0030207
3.427130467,0.0030914
3.429396443,0.0031112
3.431666596,0.0029057
3.433939756,0.0028224
3.436214748,0.0027575
3.43849394,0.0029122
3.440774973,0.0030731
3.443060219,0.0030421
3.445347317,0.0029169
3.447638643,0.0028855
3.449931829,0.0028789
3.45222926,0.002879
3.454529752,0.0028407
3.456832118,0.0028797
3.459137554,0.0029168
3.461447266,0.0028731
3.463760064,0.0028212
3.466074754,0.0029501
3.468393742,0.0031342
3.470714631,0.0034344
3.473039834,0.0037398
3.475366947,0.0040563
3.47769839,0.0044009
3.480031752,0.004538
3.48236946,0.004252
3.484710311,0.0038535
3.487053095,0.0034549
3.489400249,0.003079
3.491749345,0.0026915
3.494102828,0.0024872
3.496458263,0.0023599
3.498818099,0.002232
3.501179898,0.0021049
3.503546114,0.0019647
3.505914302,0.001912
3.508286925,0.0020077
3.51066276,0.0019907
3.513040582,0.0018205
3.515422863,0.0015536
3.51780714,0.0016003
3.520195892,0.002323
3.522586649,0.0044666
3.524981899,0.0089044
3.527379164,0.0173984
3.529780938,0.0304866
3.532185985,0.0473206
3.534593062,0.0663911
3.537004673,0.0866011
3.539418325,0.1073485
3.541836527,0.1281399
3.54425678,0.1486103
3.546681601,0.168673
3.549108482,0.188237
3.551539948,0.2071862
3.553974748,0.2254014
3.556411623,0.243098
3.558851843,0.2602905
3.561296682,0.2772455
3.563744883,0.2943088
3.56619518,0.3114396
3.568650122,0.3284533
3.571107172,0.3452905
3.573568884,0.3619071
3.576032714,0.3784911
3.578501223,0.3954102
3.580971861,0.4129839
3.583447197,0.4310253
3.585925958,0.4489042
3.588406862,0.4663487
3.590892491,0.4830329
3.593380275,0.4985807
3.595872801,0.5130532
3.598367493,0.5263752
3.600866945,0.5384523
3.603368573,0.5494081
3.60587498,0.5592697
3.608384876,0.5680047
3.610896965,0.5757794
3.613413859,0.5827737
3.615932958,0.5892948
3.61845688,0.5954807
3.620983017,0.6015282
3.623513997,0.6074498
3.626047202,0.6127942
3.628585269,0.6174476
3.631125573,0.6214555
3.633670756,0.6245273
3.63621951,0.6264543
3.638770518,0.6269386
3.641326433,0.6263148
3.643884614,0.6252061
3.646447722,0.6239411
3.649013106,0.6225605
3.651583436,0.6213779
3.654156054,0.6208266
3.656733637,0.620953
3.659314859,0.6216673
3.661898387,0.6227605
3.664485565,0.6241456
3.667077746,0.6257946
3.669673597,0.6277211
3.672271777,0.6304056
3.67487499,0.6344739
3.677480543,0.6396434
3.680091148,0.645248
3.682704107,0.6506592
3.685322136,0.6555332
3.68794253,0.6600586
3.690568015,0.6643013
3.693197241,0.6681725
3.695828851,0.6719234
3.698465581,0.6754969
3.701104706,0.678458
3.703748972,0.6806129
3.706395645,0.6816928
3.70904748,0.6812552
3.711701734,0.6793275
3.714361169,0.6763661
3.717024418,0.6730732
3.719690105,0.6698261
3.722361004,0.6668217
3.725034354,0.6641902
3.727712936,0.6619056
3.730393982,0.6596491
3.73308028,0.6573547
3.735769055,0.6550329
3.738463103,0.6527912
3.74115964,0.6505886
3.743861471,0.6484709
3.746567208,0.6466954
3.749275453,0.6454935
3.751989023,0.6449873
3.754705115,0.645125
3.757426554,0.6458082
3.760150526,0.6473128
3.762879867,0.6496107
3.765611756,0.6523992
3.768349034,0.6554648
3.771090294,0.6586806
3.773834121,0.6616324
3.77658337,0.6636842
3.7793352,0.6645895
3.782092473,0.6644533
3.78485234,0.6637901
3.787617672,0.6630162
3.790385611,0.6622316
3.793159038,0.6622517
3.795936526,0.663916
3.798716642,0.6675921
3.801500833,0.672822
3.804290555,0.6789436
3.807084375,0.685247
3.80988085,0.6913402
3.81268289,0.6970682
3.815487598,0.7025325
3.818297894,0.7079772
3.821110873,0.7135077
3.823929462,0.7191364
3.826750748,0.7246918
3.829577667,0.7301173
3.832408765,0.7355123
3.835242581,0.7409359
3.838082064,0.7460896
3.84092428,0.7507903
3.843772186,0.7551861
3.846622838,0.7590961
3.849479204,0.7627163
3.852338331,0.7665414
3.855203194,0.7706228
3.858070833,0.7748396
3.860944233,0.7791179
3.863821915,0.7832297
3.866702395,0.7868964
3.86958867,0.7904128
3.872477758,0.7940781
3.875372666,0.7979029
3.8782704,0.8019254
3.881173978,0.8059895
3.884080397,0.8099165
3.886992684,0.8136124
3.889909342,0.8171043
3.892828864,0.8203215
3.89575429,0.8232632
3.898682596,0.8258631
3.90161683,0.8279884
3.904553959,0.8298074
3.907497041,0.8314781
3.910443034,0.8329311
3.913395003,0.8342627
3.916351433,0.8355357
3.919310797,0.8367144
3.922274637,0.8380244
3.925244503,0.8404375
3.928218871,0.844387
3.931196204,0.8491736
3.934179602,0.8536617
3.937165981,0.8569946
3.94015845,0.8587267
3.943153916,0.8590852
3.946155497,0.8585498
3.949160093,0.8577947
3.952170829,0.8571613
3.955186159,0.8571658
3.958204527,0.8584754
3.961229074,0.8612769
3.964256676,0.8650045
3.967290483,0.8691626
3.970327361,0.872998
3.973370471,0.8759597
3.976416668,0.8783096
3.979469123,0.8802008
3.982526268,0.8817931
3.985586525,0.883084
3.98865308,0.884165
3.991722764,0.8850967
3.994798772,0.885998
3.997877926,0.8866917
4.000963432,0.8871349
4.004052101,0.8877007
4.007147148,0.8884635
4.010245375,0.8893111
4.013350007,0.8901865
4.016459451,0.8912234
4.0195721,0.8923891
4.022691197,0.8934734
4.025813516,0.8944201
4.02894231,0.8953352
4.032074345,0.8960026
4.035212882,0.8965055
4.038354677,0.8968297
4.041503003,0.8971376
4.044656241,0.8990169
4.047812764,0.9026866
4.050974219,0.9062327
4.054142259,0.9087498
4.057315258,0.9103486
4.060491579,0.9112212
4.063674529,0.9117378
4.066860819,0.9120842
4.070053765,0.9121957
4.073250071,0.9121531
4.076453062,0.9119358
4.07965943,0.9116143
4.082872513,0.9110921
4.086090661,0.9105147
4.089312214,0.9100008
4.092540526,0.9094034
4.095772262,0.9085419
4.099010786,0.9076218
4.102252752,0.9066079
4.105501536,0.9055008
4.108753782,0.9045578
4.112012876,0.9038297
4.115277143,0.9030212
4.118544902,0.9022211
4.121819553,0.9014227
4.125097713,0.9004919
4.128382797,0.8992812
4.13167141,0.8981791
4.134966976,0.8976739
4.138266091,0.8978458
4.141572191,0.8988311
4.144881858,0.9003806
4.148198541,0.9021477
4.151520536,0.9037719
4.154846129,0.9049565
4.158178784,0.9059974
4.161515058,0.9067472
4.164858424,0.9071617
4.168205429,0.9073662
4.171559558,0.9075188
4.174917347,0.9076814
4.178282291,0.9076228
4.181652664,0.9073321
4.185026728,0.9070849
4.188407994,0.9067574
4.191792972,0.9064511
4.195185186,0.9060966
4.198581131,0.9057095
4.201984345,0.9056194
4.205391312,0.9059196
4.208805579,0.9065975
4.212225394,0.9074335
4.215648995,0.9080804
4.219078165,0.9083968
4.222514702,0.908412
4.225956841,0.9083033
4.229402808,0.9077991
4.232856192,0.9067079
4.236313424,0.9047829
4.239778107,0.9019742
4.243246661,0.8982072
4.246722698,0.8932352
4.250202628,0.8874602
4.253690076,0.8818031
4.257183252,0.8779849
4.260680354,0.8764706
4.264185025,0.8758282
4.267693644,0.8754926
4.271209867,0.8753159
4.274730061,0.8751882
4.278257893,0.8751129
4.28178972,0.8749654
4.285329218,0.8744698
4.288872734,0.8737518
4.292423958,0.8728399
4.295981067,0.8723785
4.299542228,0.8726382
4.303111149,0.8736523
4.306684146,0.8751908
4.310264939,0.876972
4.313849831,0.8785154
4.317442554,0.8801157
4.3210394,0.8817158
4.324644114,0.8832323
4.328254848,0.8846758
4.331869739,0.8861611
4.335492553,0.8876663
4.339119549,0.8892437
4.342754505,0.8907236
4.346393667,0.8922669
4.350040825,0.8938687
4.353692214,0.8955183
4.357351637,0.8971466
4.361017216,0.8987968
4.364687063,0.9004214
4.368363091,0.9019334
4.372047229,0.9032886
4.375737585,0.9043265
4.379432259,0.9052695
4.383135099,0.9061682
4.386842281,0.9067468
4.390557667,0.9070668
4.39427742,0.9076037
4.398005417,0.9086594
4.401737806,0.91032
4.405478477,0.9123144
4.409225511,0.914102
4.412976977,0.9153389
4.416736782,0.9160215
4.420501046,0.9162182
4.424273689,0.91608
4.428050816,0.9157741
4.431836362,0.9152914
4.435626419,0.9148222
4.439424935,0.9142834
4.443229962,0.913597
4.447039539,0.9129275
4.450857636,0.9124626
4.45468031,0.9121155
4.458511544,0.9122349
4.462347382,0.9135493
4.466191821,0.9159999
4.470040892,0.9189307
4.473898604,0.9217242
4.477760976,0.9239829
4.481632031,0.9255621
4.485509785,0.926607
4.48939224,0.9273275
4.49328344,0.9276785
4.497179369,0.9281297
4.501084086,0.92882
4.50499356,0.9296521
4.508911864,0.9306437
4.512834954,0.9316457
4.516766916,0.9323418
4.520705736,0.932691
4.524649385,0.932941
4.52859992,0.933042
4.532559414,0.9326304
4.536525838,0.9319444
4.540497148,0.931133
4.544477483,0.9302854
4.548462733,0.9293824
4.552457052,0.9284032
4.556456316,0.9272952
4.560464693,0.9263332
4.564478045,0.9255238
4.568500554,0.9246027
4.572530159,0.9237975
4.576564785,0.9233015
4.580608635,0.9229398
4.584657535,0.9226839
4.588715706,0.9227043
4.592778957,0.9229777
4.596851524,0.9233733
4.600929204,0.923968
4.605016244,0.9245648
4.609110552,0.9251089
4.613210019,0.9256936
4.617318917,0.926244
4.621433005,0.9267386
4.62555657,0.9270832
4.629685357,0.9271082
4.633823669,0.9270448
4.637967235,0.9269969
4.642120372,0.9268445
4.646278795,0.9267608
4.650446838,0.9268049
4.654622366,0.927165
4.658803228,0.9278918
4.662993782,0.9286702
4.667189703,0.9295617
4.671395364,0.930466
4.675606426,0.9313033
4.679827277,0.9321635
4.684053561,0.9329692
4.688289684,0.9334606
4.692533475,0.9336966
4.696782751,0.9339317
4.701041939,0.9339964
4.705306645,0.9339698
4.709581314,0.9339735
4.713861534,0.9340977
4.718151768,0.9342907
4.722447588,0.9344827
4.726753472,0.9346662
4.731067215,0.9349541
4.735386597,0.9354223
4.739713873,0.9360557
4.744051315,0.9366175
4.748396704,0.9371172
4.752747801,0.9379282
4.757109143,0.9387795
4.761476229,0.9394064
4.765853612,0.9402369
4.770236775,0.9412502
4.774630288,0.9419543
4.779029618,0.9423671
4.78343935,0.9427214
4.787857228,0.9429314
4.792280977,0.9429347
4.796715209,0.9428467
4.80115535,0.9425247
4.805606028,0.9419411
4.810062651,0.9412368
4.814529866,0.9403072
4.819003064,0.9391721
4.823486908,0.937857
4.827979105,0.9365054
4.832477341,0.9350358
4.836986306,0.933568
4.84150135,0.9320574
4.846027178,0.9302736
4.850559124,0.9286509
4.855101911,0.9271434
4.859650854,0.9256223
4.864210694,0.9243065
4.86877673,0.923101
4.87335372,0.9219771
4.877939324,0.9209005
4.882531182,0.9198277
4.887134082,0.9189063
4.891743275,0.9180529
4.896363569,0.9171529
4.900990196,0.9162357
4.905627982,0.9153333
4.910272142,0.9143332
4.91492752,0.9132046
4.919589313,0.9120911
4.924262382,0.9107229
4.928941909,0.909006
4.933632772,0.9068
4.938332572,0.904149
4.943038891,0.9012183
4.947756638,0.8986469
4.952480945,0.8975597
4.957216741,0.8989755
4.96195914,0.9036676
4.966713089,0.9109869
4.971473684,0.9184297
4.97624589,0.9244118
4.981024786,0.9286901
4.985815355,0.931643
4.990615148,0.9337283
4.995421696,0.9350251
5.000240012,0.9356655
5.005065126,0.9360757
5.009902071,0.9363015
5.01474586,0.9364934
5.019601544,0.9366409
5.024464116,0.9366518
5.029338647,0.9366805
5.034222646,0.9368238
5.0391136,0.9371646
5.044016611,0.9377708
5.048926623,0.9384335
5.053848759,0.9391683
5.058777941,0.9399954
5.063719312,0.9408675
5.068667777,0.941588
5.073628497,0.942393
5.078598936,0.9432791
5.08357654,0.9439853
5.0885665,0.9442085
5.093563671,0.9444643
5.098573266,0.9448409
5.10359012,0.9452735
5.108619467,0.9456126
5.113656121,0.9460033
5.118705336,0.9460392
5.123761907,0.9459244
5.128831109,0.9455992
5.133910351,0.9450108
5.138997022,0.9443797
5.144096429,0.9439073
5.149203315,0.9428266
5.154323008,0.9411411
5.15945023,0.9396616
5.164590329,0.938389
5.169738008,0.9371364
5.174898637,0.9358891
5.180066895,0.9346933
5.185248176,0.9337103
5.190437139,0.9328696
5.195639196,0.9324001
5.200851691,0.9317554
5.206071946,0.9310312
5.211305406,0.9310287
5.216546677,0.9303484
5.221801229,0.9293335
5.227063645,0.9289112
5.232339416,0.9286301
5.237623104,0.9281282
5.242920223,0.9272224
5.248228067,0.9261089
5.253543909,0.9247063
5.258873297,0.9231387
5.264210737,0.9215759
5.269561799,0.9208949
5.274920968,0.9216438
5.280293838,0.9238639
5.28567487,0.9277563
5.29106968,0.9329557
5.296475513,0.9373962
5.301889593,0.940611
5.30731757,0.9429379
5.31275385,0.9444765
5.318204106,0.9451265
5.323662723,0.9453566
5.329135396,0.9452856
5.334616486,0.945099
5.340111715,0.9448893
5.345615419,0.9454397
5.351133343,0.9456565
5.356662671,0.9445439
5.362200561,0.9434412
5.367752796,0.9430674
5.373313653,0.9430342
5.378888937,0.9432439
5.384472903,0.9433429
5.390071381,0.9436116
5.395678601,0.9441298
5.401300417,0.9448545
5.406931037,0.9458265
5.412576338,0.94713
5.418233439,0.9494727
5.423899437,0.9507044
5.429580245,0.9497766
5.435270011,0.9500215
5.440974674,0.9507892
5.446688359,0.9514716
5.452417029,0.9518917
5.458154783,0.9529784
5.463907612,0.9538108
5.469669588,0.9526865
5.475446728,0.9514705
5.481236085,0.949785
5.487034686,0.9471352
5.492848586,0.9455471
5.498671796,0.944715
5.504510396,0.9443565
5.510358372,0.9440337
5.516221829,0.9442798
5.522094729,0.9442177
5.527983204,0.9436008
5.53388425,0.9427406
5.539794839,0.9422247
5.545721143,0.9420719
5.551657059,0.9423306
5.557608783,0.9416792
5.563570187,0.9410001
5.569547497,0.9411695
5.575534554,0.9427549
5.581537613,0.9430233
5.587550491,0.9417263
5.593579466,0.9414678
5.599621466,0.94251
5.60567339,0.9432357
5.611741559,0.9442616
5.617819724,0.9451516
5.623914233,0.9457827
5.63001881,0.9468934
5.63613983,0.9492818
5.642270992,0.9510835
5.648418697,0.9500449
5.654576616,0.9493402
5.660751182,0.9485596
5.666939246,0.9482513
5.673137637,0.9491783
5.679352826,0.9481269
5.685578417,0.9466491
5.69182091,0.9454443
5.69807388,0.9429179
5.704343858,0.9416753
5.710624388,0.9406286
5.716922032,0.9373893
5.723230306,0.9338563
5.729555799,0.9307631
5.73589529,0.9287134
5.742245528,0.9278127
5.748613147,0.9279636
5.754991592,0.9283087
5.761387526,0.9324639
5.767794367,0.9347816
5.774218806,0.9324192
5.780654231,0.9315414
5.787107366,0.9313647
5.793571569,0.9313255
5.800053592,0.9316975
5.806550137,0.9318375
5.813057872,0.9337216
5.819583597,0.9363054
5.826120596,0.9348734
5.832675699,0.9318108
5.83924216,0.9303077
5.84582684,0.930976
5.852422962,0.9332707
5.859037419,0.9363619
5.865666844,0.9382329
5.87230784,0.9400114
5.878967348,0.9446075
5.885638512,0.9432302
5.892328306,0.9423634
5.899029846,0.9416417
5.905750134,0.9387657
5.912482255,0.938162
5.919233246,0.9382328
5.925999672,0.9383469
5.932778065,0.9409264
5.93957551,0.9395918
5.946385014,0.9342813
5.953213694,0.9311782
5.960054523,0.9302911
5.966914652,0.9307459
5.973787023,0.9284401
5.980678819,0.9268297
5.98758295,0.9270444
5.994506634,0.924591
6.001442747,0.9221819
6.008398539,0.9224297
6.015370475,0.922575
6.022354982,0.9211247
6.029359362,0.9209458
6.036376412,0.9225495
6.043413465,0.9281718
6.050463284,0.9297318
6.057533239,0.9238593
6.064616058,0.9232009
6.071719147,0.9244746
6.078835198,0.920715
6.085971653,0.9165287
6.093124883,0.91501
6.100291228,0.9160336
6.10747818,0.9193925
6.114678347,0.9207903
6.121899258,0.9166844
6.129133488,0.9143237
6.1363886,0.9144624
6.143657135,0.9147809
6.150946692,0.9141393
6.158253569,0.9140237
6.165574024,0.9119533
6.172915715,0.9105316
6.180271091,0.9114898
6.187647846,0.9107793
6.195038394,0.9070897
6.202450464,0.9053513
6.209876436,0.9044329
6.217324076,0.9038433
6.224789602,0.9026491
6.232269194,0.9018962
6.239770676,0.9011896
6.247286335,0.9007559
6.254824033,0.9001762
6.262376021,0.9003229
6.269950198,0.9001624
6.277538778,0.8998254
6.2851497,0.8990524
6.292775139,0.8987583
6.300423073,0.8982487
6.30808962,0.8979184
6.315770859,0.8969204
6.323474825,0.8960138
6.331193601,0.8952289
6.338935262,0.8973534
6.34669185,0.898278
6.354471483,0.897566
6.362266163,0.8996382
6.370084047,0.9031461
6.3779171,0.9030398
6.385773518,0.9032546
6.393649316,0.9032177
6.401540467,0.9048711
6.409455228,0.9096978
6.417385467,0.9086271
6.425339483,0.9018208
6.433309101,0.8984657
6.441302663,0.8945525
6.449311955,0.8919073
6.457345359,0.8881405
6.465394622,0.8852674
6.473468167,0.8825003
6.481561901,0.8804858
6.489671688,0.8791329
6.497806016,0.8763548
6.505956528,0.8729303
6.514131757,0.8752756
6.522323304,0.8776677
6.530539743,0.8775204
6.538772633,0.877304
6.547030594,0.8784837
6.55530944,0.878126
6.563604942,0.8784399
6.571925785,0.8781223
6.580263421,0.8748745
6.588626581,0.8712495
6.597006674,0.8675555
6.605412475,0.8625089
6.61383535,0.8587145
6.622284119,0.8546991
6.630750104,0.8528904
6.63924217,0.844341
6.647756017,0.8309315
6.656287296,0.8194518
6.664844942,0.8100214
6.673420168,0.7989008
6.682021953,0.786453
6.690641465,0.7706831
6.699287732,0.757949
6.707951874,0.7433773
6.716642968,0.7251025
6.725352089,0.7000739
6.734088359,0.6695547
6.742847356,0.6274153
6.75162461,0.5656305
6.760429314,0.4681551
6.769252431,0.3189615
6.778103202,0.1413524
6.786972542,0.0350718
6.795869742,0.0159162
6.80478567,0.018744
6.813729665,0.0149556
6.822692548,0.0106775
6.831683709,0.0078845
6.8406986,0.0126613
6.849732621,0.0274882
6.858795239,0.0472471
6.867877153,0.0703148
6.876987879,0.1009854
6.886118068,0.1409904
6.895277287,0.181753
6.904456136,0.2191637
6.913664235,0.2542293
6.922896928,0.2856541
6.932149507,0.3143077
6.94143167,0.3426215
6.950733893,0.3697315
6.960065926,0.4013951
6.969418193,0.4423045
6.978800498,0.4975568
6.988203214,0.5632203
6.997636198,0.6269146
7.007094683,0.678459
7.016573849,0.7191714
7.026083633,0.7486971
7.035614279,0.7698755
7.045175781,0.7856767
7.054758329,0.7957977
7.06437197,0.8013135
7.074006845,0.8069094
7.083673054,0.8115189
7.093360685,0.8156714
7.103079895,0.8185631
7.112825776,0.8216718
7.122593365,0.8228446
7.132392904,0.8238415
7.142214344,0.8247846
7.152067985,0.8250301
7.161943723,0.8236095
7.171851916,0.8207506
7.181782403,0.8140446
7.191745602,0.8052389
7.201731296,0.789758
7.21174996,0.7593011
7.221791322,0.7018211
7.231865915,0.6021078
7.241968657,0.4671898
7.252094405,0.3475778
7.262253782,0.2967346
7.272436375,0.334613
7.282652867,0.4172927
7.292892784,0.4777651
7.303166872,0.5087883
7.3134646,0.530348
7.323796773,0.551805
7.334158182,0.570324
7.344543555,0.5810359
7.354963792,0.5863713
7.365408213,0.5942569
7.37588778,0.6053931
7.386391755,0.6157335
7.396931161,0.627225
7.4074952,0.6442931
7.418094959,0.6659972
7.428725097,0.6880135
7.43938021,0.7075409
7.450071483,0.7238277
7.460787964,0.7386134
7.471540901,0.7533365
7.48231928,0.7679832
7.493134416,0.7799242
7.503975231,0.7877679
7.514853107,0.7915381
7.525756903,0.7933494
7.536698067,0.7939275
7.547671091,0.7932413
7.5586704,0.7904234
7.569707544,0.7849061
7.580771222,0.7766943
7.591873052,0.7674319
7.603001665,0.7577526
7.61416875,0.7480625
7.625362872,0.7381642
7.636595789,0.729079
7.647856,0.7204398
7.659155333,0.7131738
7.670488104,0.7109903
7.68184856,0.7147514
7.693248636,0.7203998
7.704676662,0.7268047
7.716144644,0.7347736
7.727640844,0.7447616
7.739177341,0.755232
7.750742327,0.7645584
7.762347955,0.7719082
7.773982347,0.7779446
7.785657728,0.7828989
7.797368232,0.7871085
7.809107919,0.7902803
7.820889126,0.7928909
7.832699798,0.7949615
7.844552351,0.7968825
7.856434656,0.7988946
7.868359203,0.8018073
7.880313794,0.8053887
7.892310995,0.8097045
7.904344781,0.814176
7.916409054,0.8183253
7.928516495,0.8211788
7.940654723,0.8223205
7.952836498,0.8220269
7.965049363,0.8239353
7.977306159,0.830145
7.989594352,0.8377446
8.001926864,0.8434826
8.014291084,0.8479038
8.026700015,0.8514361
8.039147432,0.8543594
8.051627033,0.8565782
8.064151942,0.8583112
8.076709355,0.859341
8.089312481,0.8599393
8.101948438,0.8600636
8.114630517,0.860162
8.127345755,0.8601378
8.140107531,0.8597242
8.1529028,0.8588413
8.165745026,0.8581361
8.178627773,0.8573036
8.191544524,0.8568108
8.20450887,0.8566065
8.217507564,0.8570432
8.230554287,0.857967
8.243635707,0.8590413
8.256765594,0.8598061
8.269930533,0.8610995
8.283144381,0.8630474
8.296393641,0.8653122
8.309692259,0.8673001
8.323033579,0.8689381
8.336410858,0.8703544
8.34983818,0.871582
8.363301832,0.8722278
8.376815989,0.8722732
8.390366852,0.8718497
8.40396869,0.8716662
8.417607615,0.8716119
8.43129799,0.8716371
8.445032969,0.8714748
8.458805617,0.8711532
8.472630438,0.8693238
8.486493322,0.8650395
8.50040887,0.8614597
8.514362879,0.8580044
8.528370049,0.8481265
8.542416086,0.8311736
8.556515787,0.8140485
8.570662109,0.806782
8.584847915,0.8109825
8.599088153,0.8199579
8.613368292,0.8273802
8.627703383,0.8321388
8.6420788,0.8349779
8.656509695,0.8367346
8.670981347,0.8381592
8.68550901,0.8406075
8.700077866,0.8445052
8.714703273,0.849522
8.729377936,0.8549329
8.744094457,0.860412
8.758868354,0.8653865
8.773684561,0.8701708
8.788558703,0.8746397
8.803475612,0.8783331
8.818451021,0.880946
8.833469663,0.8832285
8.848547378,0.8857186
8.863668797,0.8885971
8.878849869,0.8911908
8.894075123,0.893287
8.90936062,0.8947282
8.924698747,0.8955933
8.940081784,0.8958657
8.955525963,0.8958591
8.971015546,0.8952821
8.98656688,0.894284
9.00216412,0.8927224
9.017823729,0.8908845
9.033529752,0.8883144
9.04929877,0.8848308
9.065122937,0.8811521
9.080994296,0.878733
9.096929604,0.8773622
9.112912633,0.8759399
9.128960257,0.873494
9.145056137,0.8703951
9.161217269,0.867038
9.1774272,0.8636131
9.193703049,0.8598978
9.210028247,0.8561042
9.226420038,0.8527624
9.242870281,0.8511315
9.259370715,0.852021
9.275938771,0.8554207
9.292557591,0.8603165
9.309244732,0.8660877
9.325983215,0.8716409
9.342790729,0.8762368
9.359650174,0.8793285
9.376579368,0.8807893
9.393569914,0.8814651
9.41061329,0.8828515
9.427727512,0.8851606
9.444895176,0.887593
9.46213443,0.8891559
9.479427746,0.8892661
9.496793408,0.8869377
9.51421376,0.884137
9.531707224,0.8848648
9.549256017,0.8866827
9.566878701,0.8866925
9.584566548,0.8866772
9.6023107,0.8872423
9.620129929,0.8874637
9.638006128,0.8868723
9.655958209,0.8859621
9.673967933,0.8850331
9.692054357,0.8840821
9.710199108,0.8829731
9.728421389,0.8818198
9.74670269,0.8806508
9.765062365,0.8795211
9.783491337,0.8784926
9.801980392,0.877803
9.820549106,0.87771
9.839178625,0.8787883
9.857888677,0.8808672
9.876660267,0.8833127
9.895513275,0.885596
9.914428567,0.8878195
9.933426178,0.8888615
9.952486828,0.8871718
9.971630711,0.8807094
9.990848383,0.8670081
10.01013125,0.8510877
10.02949373,0.8483386
10.04893126,0.8634168
10.06844225,0.8820901
10.08803119,0.894163
10.1076965,0.9006559
10.1274376,0.9040221
10.14725699,0.9043973
10.16715411,0.9010948
10.18712734,0.8936679
10.20718128,0.8819182
10.22731433,0.8657321
10.24752591,0.8451679
10.26781859,0.8266711
10.28819074,0.8240468
10.30864389,0.8403646
10.32917959,0.8596005
10.34979727,0.8714511
10.37049635,0.8775636
10.39127839,0.8811343
10.41214498,0.8840806
10.43309444,0.8871535
10.45412948,0.8905576
10.4752495,0.8937633
10.49645283,0.8967098
10.51774438,0.9000919
10.53912249,0.903291
10.56058656,0.9058455
10.58213936,0.9082267
10.60378031,0.910594
10.6255077,0.9129221
10.64732658,0.9156433
10.66923525,0.9189681
10.69123312,0.9224621
10.71332305,0.9254005
10.73550444,0.9274604
10.75777556,0.9289188
10.7801416,0.9297634
10.80260083,0.9296713
10.82515268,0.9287582
10.84780005,0.9274448
10.8705412,0.9256556
10.8933779,0.9231975
10.91631195,0.9195934
10.93934277,0.9145607
10.96246977,0.9075888
10.98569476,0.8998388
11.00901958,0.8953215
11.03244244,0.8953195
11.05596641,0.895008
11.07959091,0.8907858
11.10331412,0.8845152
11.12714161,0.881311
11.1510716,0.8832474
11.17510348,0.8875205
11.19924042,0.891065
11.22348186,0.892945
11.24782594,0.8944547
11.27227839,0.8968895
11.29683739,0.9010129
11.32150236,0.9059592
11.34627656,0.9106098
11.37115942,0.9145287
11.39614906,0.9177168
11.42125139,0.9204708
11.44646454,0.9232733
11.47178795,0.9257996
11.49722497,0.9279684
11.52277373,0.9294838
11.54843628,0.9302409
11.57421473,0.9303407
11.60010853,0.9301176
11.6261171,0.9293315
11.65224255,0.9277092
11.67848705,0.925588
11.70484866,0.9228841
11.73133094,0.9196957
11.75793331,0.9153146
11.78465384,0.9093572
11.81149887,0.901076
11.83846649,0.8874205
11.86555613,0.8665351
11.89277144,0.8546032
11.92011047,0.8653233
11.94757547,0.8803509
11.97516877,0.8864452
12.00288838,0.8880655
12.03073805,0.8889117
12.05871727,0.8897468
12.08682547,0.8906577
12.11506501,0.8916511
12.14343829,0.8931867
12.17194331,0.8953106
12.20058394,0.8970526
12.22935968,0.8979131
12.25826998,0.8979061
12.28731729,0.8965572
12.3165041,0.8944287
12.34582838,0.8931322
12.37529416,0.8940773
12.40489939,0.898095
12.43464815,0.9031151
12.46453839,0.9068562
12.49457423,0.9086716
12.52475361,0.9092375
12.55507913,0.9089306
12.58555345,0.9072662
12.61617606,0.9039188
12.64694645,0.8996865
12.67786892,0.8948012
12.70894135,0.8889928
12.74016647,0.8815001
12.77154704,0.8730715
12.80308093,0.864178
12.83477258,0.8551054
12.86662151,0.8459792
12.89862724,0.8378378
12.93079259,0.8313663
12.96312044,0.8272823
12.99560865,0.8256586
13.02826182,0.8265976
13.06107949,0.8289431
13.09406119,0.831685
13.12720988,0.8342336
13.16052857,0.8360731
13.19401509,0.8373533
13.2276742,0.8374245
13.26150372,0.8361707
13.2955085,0.8335574
13.32968633,0.8290423
13.36404212,0.8226944
13.39857367,0.8139764
13.43328413,0.8006274
13.46817672,0.7814892
13.50325104,0.7537846
13.53850669,0.7118014
13.57394877,0.6419279
13.60957504,0.5185456
13.64538882,0.3241277
13.68139346,0.1498779
13.7175886,0.1243978
13.75397387,0.1966965
13.79055457,0.2330368
13.82732847,0.1953932
13.86429901,0.1227804
13.90146972,0.1017716
13.93883833,0.1932678
13.97641034,0.343424
14.01418544,0.4769359
14.05216332,0.577835
14.09034759,0.6541954
14.12874194,0.7119557
14.1673441,0.7552567
14.20615979,0.7881761
14.24518673,0.8133624
14.28443073,0.8323666
14.3238895,0.8465704
14.36356893,0.8575774
14.40346674,0.8665211
14.44358682,0.8739039
14.48393312,0.881067
14.52450546,0.8883561
14.56530361,0.8951936
14.60633374,0.9024747
14.64759355,0.9103851
14.68908711,0.9184364
14.7308186,0.9264552
14.77278787,0.9344449
14.81499479,0.9421562
15,0.80049648
15.1,0.80049648
15.2,0.80049648
15.3,0.80049648
15.4,0.80049648
15.5,0.80049648
15.6,0.80049648
15.7,0.80049648
15.8,0.80049648
15.9,0.80049648
16,0.80049648
16.1,0.80049648
16.2,0.80049648
16.3,0.80049648
16.4,0.80049648
16.5,0.80049648
16.6,0.80049648
16.7,0.80049648
16.8,0.80049648
16.9,0.80049648
17,0.80049648
17.1,0.80049648
17.2,0.80049648
17.3,0.80049648
17.4,0.80049648
17.5,0.80049648
17.6,0.80049648
17.7,0.80049648
17.8,0.80049648
17.9,0.80049648
18,0.80049648
18.1,0.80049648
18.2,0.80049648
18.3,0.80049648
18.4,0.80049648
18.5,0.80049648
18.6,0.80049648
18.7,0.80049648
18.8,0.80049648
18.9,0.80049648
19,0.80049648
19.1,0.80049648
19.2,0.80049648
19.3,0.80049648
19.4,0.80049648
19.5,0.80049648
19.6,0.80049648
19.7,0.80049648
19.8,0.80049648
19.9,0.80049648
20,0.80049648
20.1,0.80049648
20.2,0.80049648
20.3,0.80049648
20.4,0.80049648
20.5,0.80049648
20.6,0.80049648
20.7,0.80049648
20.8,0.80049648
20.9,0.80049648
21,0.80049648
21.1,0.80049648
21.2,0.80049648
21.3,0.80049648
21.4,0.80049648
21.5,0.80049648
21.6,0.80049648
21.7,0.80049648
21.8,0.80049648
21.9,0.80049648
22,0.80049648
22.1,0.80049648
22.2,0.80049648
22.3,0.80049648
22.4,0.80049648
22.5,0.80049648
22.6,0.80049648
22.7,0.80049648
22.8,0.80049648
22.9,0.80049648
23,0.80049648
23.1,0.80049648
23.2,0.80049648
23.3,0.80049648
23.4,0.80049648
23.5,0.80049648
23.6,0.80049648
23.7,0.80049648
23.8,0.80049648
23.9,0.80049648
24,0.80049648
24.1,0.80049648
24.2,0.80049648
24.3,0.80049648
24.4,0.80049648
24.5,0.80049648
24.6,0.80049648
24.7,0.80049648
24.8,0.80049648
24.9,0.80049648
25,0.80049648
25.1,0.80049648
25.2,0.80049648
25.3,0.80049648
25.4,0.80049648
25.5,0.80049648
25.6,0.80049648
25.7,0.80049648
25.8,0.80049648
25.9,0.80049648
26,0.80049648
26.1,0.80049648
26.2,0.80049648
26.3,0.80049648
26.4,0.80049648
26.5,0.80049648
26.6,0.80049648
26.7,0.80049648
26.8,0.80049648
26.9,0.80049648
27,0.80049648
27.1,0.80049648
27.2,0.80049648
27.3,0.80049648
27.4,0.80049648
27.5,0.80049648
27.6,0.80049648
27.7,0.80049648
27.8,0.80049648
27.9,0.80049648
28,0.80049648
28.1,0.80049648
28.2,0.80049648
28.3,0.80049648
28.4,0.80049648
28.5,0.80049648
28.6,0.80049648
28.7,0.80049648
28.8,0.80049648
28.9,0.80049648
29,0.80049648
29.1,0.80049648
29.2,0.80049648
29.3,0.80049648
29.4,0.80049648
29.5,0.80049648
29.6,0.80049648
29.7,0.80049648
29.8,0.80049648
29.9,0.80049648
30,0.80049648
30.1,0.80049648
30.2,0.80049648
30.3,0.80049648
30.4,0.80049648
30.5,0.80049648
30.6,0.80049648
30.7,0.80049648
30.8,0.80049648
30.9,0.80049648
31,0.80049648
31.1,0.80049648
31.2,0.80049648
31.3,0.80049648
31.4,0.80049648
31.5,0.80049648
31.6,0.80049648
31.7,0.80049648
31.8,0.80049648
31.9,0.80049648
32,0.80049648
32.1,0.80049648
32.2,0.80049648
32.3,0.80049648
32.4,0.80049648
32.5,0.80049648
32.6,0.80049648
32.7,0.80049648
32.8,0.80049648
32.9,0.80049648
33,0.80049648
33.1,0.80049648
33.2,0.80049648
33.3,0.80049648
33.4,0.80049648
33.5,0.80049648
33.6,0.80049648
33.7,0.80049648
33.8,0.80049648
33.9,0.80049648
34,0.80049648
34.1,0.80049648
34.2,0.80049648
34.3,0.80049648
34.4,0.80049648
34.5,0.80049648
34.6,0.80049648
34.7,0.80049648
34.8,0.80049648
34.9,0.80049648
35,0.80049648
35.1,0.80049648
35.2,0.80049648
35.3,0.80049648
35.4,0.80049648
35.5,0.80049648
35.6,0.80049648
35.7,0.80049648
35.8,0.80049648
35.9,0.80049648
36,0.80049648
36.1,0.80049648
36.2,0.80049648
36.3,0.80049648
36.4,0.80049648
36.5,0.80049648
36.6,0.80049648
36.7,0.80049648
36.8,0.80049648
36.9,0.80049648
37,0.80049648
37.1,0.80049648
37.2,0.80049648
37.3,0.80049648
37.4,0.80049648
37.5,0.80049648
37.6,0.80049648
37.7,0.80049648
37.8,0.80049648
37.9,0.80049648
38,0.80049648
38.1,0.80049648
38.2,0.80049648
38.3,0.80049648
38.4,0.80049648
38.5,0.80049648
38.6,0.80049648
38.7,0.80049648
38.8,0.80049648
38.9,0.80049648
39,0.80049648
39.1,0.80049648
39.2,0.80049648
39.3,0.80049648
39.4,0.80049648
39.5,0.80049648
39.6,0.80049648
39.7,0.80049648
39.8,0.80049648
39.9,0.80049648
40,0.80049648
40.1,0.80049648
40.2,0.80049648
40.3,0.80049648
40.4,0.80049648
40.5,0.80049648
40.6,0.80049648
40.7,0.80049648
40.8,0.80049648
40.9,0.80049648
41,0.80049648
41.1,0.80049648
41.2,0.80049648
41.3,0.80049648
41.4,0.80049648
41.5,0.80049648
41.6,0.80049648
41.7,0.80049648
41.8,0.80049648
41.9,0.80049648
42,0.80049648
42.1,0.80049648
42.2,0.80049648
42.3,0.80049648
42.4,0.80049648
42.5,0.80049648
42.6,0.80049648
42.7,0.80049648
42.8,0.80049648
42.9,0.80049648
43,0.80049648
43.1,0.80049648
43.2,0.80049648
43.3,0.80049648
43.4,0.80049648
43.5,0.80049648
43.6,0.80049648
43.7,0.80049648
43.8,0.80049648
43.9,0.80049648
44,0.80049648
44.1,0.80049648
44.2,0.80049648
44.3,0.80049648
44.4,0.80049648
44.5,0.80049648
44.6,0.80049648
44.7,0.80049648
44.8,0.80049648
44.9,0.80049648
45,0.80049648
45.1,0.80049648
45.2,0.80049648
45.3,0.80049648
45.4,0.80049648
45.5,0.80049648
45.6,0.80049648
45.7,0.80049648
45.8,0.80049648
45.9,0.80049648
46,0.80049648
46.1,0.80049648
46.2,0.80049648
46.3,0.80049648
46.4,0.80049648
46.5,0.80049648
46.6,0.80049648
46.7,0.80049648
46.8,0.80049648
46.9,0.80049648
47,0.80049648
47.1,0.80049648
47.2,0.80049648
47.3,0.80049648
47.4,0.80049648
47.5,0.80049648
47.6,0.80049648
47.7,0.80049648
47.8,0.80049648
47.9,0.80049648
48,0.80049648
48.1,0.80049648
48.2,0.80049648
48.3,0.80049648
48.4,0.80049648
48.5,0.80049648
48.6,0.80049648
48.7,0.80049648
48.8,0.80049648
48.9,0.80049648
49,0.80049648
49.1,0.80049648
49.2,0.80049648
49.3,0.80049648
49.4,0.80049648
49.5,0.80049648
49.6,0.80049648
49.7,0.80049648
49.8,0.80049648
49.9,0.80049648
50,0.80049648
50.1,0.80049648
50.2,0.80049648
50.3,0.80049648
50.4,0.80049648
50.5,0.80049648
50.6,0.80049648
50.7,0.80049648
50.8,0.80049648
50.9,0.80049648
51,0.80049648
51.1,0.80049648
51.2,0.80049648
51.3,0.80049648
51.4,0.80049648
51.5,0.80049648
51.6,0.80049648
51.7,0.80049648
51.8,0.80049648
51.9,0.80049648
52,0.80049648
52.1,0.80049648
52.2,0.80049648
52.3,0.80049648
52.4,0.80049648
52.5,0.80049648
52.6,0.80049648
52.7,0.80049648
52.8,0.80049648
52.9,0.80049648
53,0.80049648
53.1,0.80049648
53.2,0.80049648
53.3,0.80049648
53.4,0.80049648
53.5,0.80049648
53.6,0.80049648
53.7,0.80049648
53.8,0.80049648
53.9,0.80049648
54,0.80049648
54.1,0.80049648
54.2,0.80049648
54.3,0.80049648
54.4,0.80049648
54.5,0.80049648
54.6,0.80049648
54.7,0.80049648
54.8,0.80049648
54.9,0.80049648
55,0.80049648
55.1,0.80049648
55.2,0.80049648
55.3,0.80049648
55.4,0.80049648
55.5,0.80049648
55.6,0.80049648
55.7,0.80049648
55.8,0.80049648
55.9,0.80049648
56,0.80049648
56.1,0.80049648
56.2,0.80049648
56.3,0.80049648
56.4,0.80049648
56.5,0.80049648
56.6,0.80049648
56.7,0.80049648
56.8,0.80049648
56.9,0.80049648
57,0.80049648
57.1,0.80049648
57.2,0.80049648
57.3,0.80049648
57.4,0.80049648
57.5,0.80049648
57.6,0.80049648
57.7,0.80049648
57.8,0.80049648
57.9,0.80049648
58,0.80049648
58.1,0.80049648
58.2,0.80049648
58.3,0.80049648
58.4,0.80049648
58.5,0.80049648
58.6,0.80049648
58.7,0.80049648
58.8,0.80049648
58.9,0.80049648
59,0.80049648
59.1,0.80049648
59.2,0.80049648
59.3,0.80049648
59.4,0.80049648
59.5,0.80049648
59.6,0.80049648
59.7,0.80049648
59.8,0.80049648
59.9,0.80049648
60,0.80049648
60.1,0.80049648
60.2,0.80049648
60.3,0.80049648
60.4,0.80049648
60.5,0.80049648
60.6,0.80049648
60.7,0.80049648
60.8,0.80049648
60.9,0.80049648
61,0.80049648
61.1,0.80049648
61.2,0.80049648
61.3,0.80049648
61.4,0.80049648
61.5,0.80049648
61.6,0.80049648
61.7,0.80049648
61.8,0.80049648
61.9,0.80049648
62,0.80049648
62.1,0.80049648
62.2,0.80049648
62.3,0.80049648
62.4,0.80049648
62.5,0.80049648
62.6,0.80049648
62.7,0.80049648
62.8,0.80049648
62.9,0.80049648
63,0.80049648
63.1,0.80049648
63.2,0.80049648
63.3,0.80049648
63.4,0.80049648
63.5,0.80049648
63.6,0.80049648
63.7,0.80049648
63.8,0.80049648
63.9,0.80049648
64,0.80049648
64.1,0.80049648
64.2,0.80049648
64.3,0.80049648
64.4,0.80049648
64.5,0.80049648
64.6,0.80049648
64.7,0.80049648
64.8,0.80049648
64.9,0.80049648
65,0.80049648
65.1,0.80049648
65.2,0.80049648
65.3,0.80049648
65.4,0.80049648
65.5,0.80049648
65.6,0.80049648
65.7,0.80049648
65.8,0.80049648
65.9,0.80049648
66,0.80049648
66.1,0.80049648
66.2,0.80049648
66.3,0.80049648
66.4,0.80049648
66.5,0.80049648
66.6,0.80049648
66.7,0.80049648
66.8,0.80049648
66.9,0.80049648
67,0.80049648
67.1,0.80049648
67.2,0.80049648
67.3,0.80049648
67.4,0.80049648
67.5,0.80049648
67.6,0.80049648
67.7,0.80049648
67.8,0.80049648
67.9,0.80049648
68,0.80049648
68.1,0.80049648
68.2,0.80049648
68.3,0.80049648
68.4,0.80049648
68.5,0.80049648
68.6,0.80049648
68.7,0.80049648
68.8,0.80049648
68.9,0.80049648
69,0.80049648
69.1,0.80049648
69.2,0.80049648
69.3,0.80049648
69.4,0.80049648
69.5,0.80049648
69.6,0.80049648
69.7,0.80049648
69.8,0.80049648
69.9,0.80049648
70,0.80049648
70.1,0.80049648
70.2,0.80049648
70.3,0.80049648
70.4,0.80049648
70.5,0.80049648
70.6,0.80049648
70.7,0.80049648
70.8,0.80049648
70.9,0.80049648
71,0.80049648
71.1,0.80049648
71.2,0.80049648
71.3,0.80049648
71.4,0.80049648
71.5,0.80049648
71.6,0.80049648
71.7,0.80049648
71.8,0.80049648
71.9,0.80049648
72,0.80049648
72.1,0.80049648
72.2,0.80049648
72.3,0.80049648
72.4,0.80049648
72.5,0.80049648
72.6,0.80049648
72.7,0.80049648
72.8,0.80049648
72.9,0.80049648
73,0.80049648
73.1,0.80049648
73.2,0.80049648
73.3,0.80049648
73.4,0.80049648
73.5,0.80049648
73.6,0.80049648
73.7,0.80049648
73.8,0.80049648
73.9,0.80049648
74,0.80049648
74.1,0.80049648
74.2,0.80049648
74.3,0.80049648
74.4,0.80049648
74.5,0.80049648
74.6,0.80049648
74.7,0.80049648
74.8,0.80049648
74.9,0.80049648
75,0.80049648
75.1,0.80049648
75.2,0.80049648
75.3,0.80049648
75.4,0.80049648
75.5,0.80049648
75.6,0.80049648
75.7,0.80049648
75.8,0.80049648
75.9,0.80049648
76,0.80049648
76.1,0.80049648
76.2,0.80049648
76.3,0.80049648
76.4,0.80049648
76.5,0.80049648
76.6,0.80049648
76.7,0.80049648
76.8,0.80049648
76.9,0.80049648
77,0.80049648
77.1,0.80049648
77.2,0.80049648
77.3,0.80049648
77.4,0.80049648
77.5,0.80049648
77.6,0.80049648
77.7,0.80049648
77.8,0.80049648
77.9,0.80049648
78,0.80049648
78.1,0.80049648
78.2,0.80049648
78.3,0.80049648
78.4,0.80049648
78.5,0.80049648
78.6,0.80049648
78.7,0.80049648
78.8,0.80049648
78.9,0.80049648
79,0.80049648
79.1,0.80049648
79.2,0.80049648
79.3,0.80049648
79.4,0.80049648
79.5,0.80049648
79.6,0.80049648
79.7,0.80049648
79.8,0.80049648
79.9,0.80049648
80,0.80049648
80.1,0.80049648
80.2,0.80049648
80.3,0.80049648
80.4,0.80049648
80.5,0.80049648
80.6,0.80049648
80.7,0.80049648
80.8,0.80049648
80.9,0.80049648
81,0.80049648
81.1,0.80049648
81.2,0.80049648
81.3,0.80049648
81.4,0.80049648
81.5,0.80049648
81.6,0.80049648
81.7,0.80049648
81.8,0.80049648
81.9,0.80049648
82,0.80049648
82.1,0.80049648
82.2,0.80049648
82.3,0.80049648
82.4,0.80049648
82.5,0.80049648
82.6,0.80049648
82.7,0.80049648
82.8,0.80049648
82.9,0.80049648
83,0.80049648
83.1,0.80049648
83.2,0.80049648
83.3,0.80049648
83.4,0.80049648
83.5,0.80049648
83.6,0.80049648
83.7,0.80049648
83.8,0.80049648
83.9,0.80049648
84,0.80049648
84.1,0.80049648
84.2,0.80049648
84.3,0.80049648
84.4,0.80049648
84.5,0.80049648
84.6,0.80049648
84.7,0.80049648
84.8,0.80049648
84.9,0.80049648
85,0.80049648
85.1,0.80049648
85.2,0.80049648
85.3,0.80049648
85.4,0.80049648
85.5,0.80049648
85.6,0.80049648
85.7,0.80049648
85.8,0.80049648
85.9,0.80049648
86,0.80049648
86.1,0.80049648
86.2,0.80049648
86.3,0.80049648
86.4,0.80049648
86.5,0.80049648
86.6,0.80049648
86.7,0.80049648
86.8,0.80049648
86.9,0.80049648
87,0.80049648
87.1,0.80049648
87.2,0.80049648
87.3,0.80049648
87.4,0.80049648
87.5,0.80049648
87.6,0.80049648
87.7,0.80049648
87.8,0.80049648
87.9,0.80049648
88,0.80049648
88.1,0.80049648
88.2,0.80049648
88.3,0.80049648
88.4,0.80049648
88.5,0.80049648
88.6,0.80049648
88.7,0.80049648
88.8,0.80049648
88.9,0.80049648
89,0.80049648
89.1,0.80049648
89.2,0.80049648
89.3,0.80049648
89.4,0.80049648
89.5,0.80049648
89.6,0.80049648
89.7,0.80049648
89.8,0.80049648
89.9,0.80049648
90,0.80049648
90.1,0.80049648
90.2,0.80049648
90.3,0.80049648
90.4,0.80049648
90.5,0.80049648
90.6,0.80049648
90.7,0.80049648
90.8,0.80049648
90.9,0.80049648
91,0.80049648
91.1,0.80049648
91.2,0.80049648
91.3,0.80049648
91.4,0.80049648
91.5,0.80049648
91.6,0.80049648
91.7,0.80049648
91.8,0.80049648
91.9,0.80049648
92,0.80049648
92.1,0.80049648
92.2,0.80049648
92.3,0.80049648
92.4,0.80049648
92.5,0.80049648
92.6,0.80049648
92.7,0.80049648
92.8,0.80049648
92.9,0.80049648
93,0.80049648
93.1,0.80049648
93.2,0.80049648
93.3,0.80049648
93.4,0.80049648
93.5,0.80049648
93.6,0.80049648
93.7,0.80049648
93.8,0.80049648
93.9,0.80049648
94,0.80049648
94.1,0.80049648
94.2,0.80049648
94.3,0.80049648
94.4,0.80049648
94.5,0.80049648
94.6,0.80049648
94.7,0.80049648
94.8,0.80049648
94.9,0.80049648
95,0.80049648
95.1,0.80049648
95.2,0.80049648
95.3,0.80049648
95.4,0.80049648
95.5,0.80049648
95.6,0.80049648
95.7,0.80049648
95.8,0.80049648
95.9,0.80049648
96,0.80049648
96.1,0.80049648
96.2,0.80049648
96.3,0.80049648
96.4,0.80049648
96.5,0.80049648
96.6,0.80049648
96.7,0.80049648
96.8,0.80049648
96.9,0.80049648
97,0.80049648
97.1,0.80049648
97.2,0.80049648
97.3,0.80049648
97.4,0.80049648
97.5,0.80049648
97.6,0.80049648
97.7,0.80049648
97.8,0.80049648
97.9,0.80049648
98,0.80049648
98.1,0.80049648
98.2,0.80049648
98.3,0.80049648
98.4,0.80049648
98.5,0.80049648
98.6,0.80049648
98.7,0.80049648
98.8,0.80049648
98.9,0.80049648
99,0.80049648
99.1,0.80049648
99.2,0.80049648
99.3,0.80049648
99.4,0.80049648
99.5,0.80049648
99.6,0.80049648
99.7,0.80049648
99.8,0.80049648
99.9,0.80049648
100,0.80049648
100.1,0.80049648
100.2,0.80049648
100.3,0.80049648
100.4,0.80049648
100.5,0.80049648
100.6,0.80049648
100.7,0.80049648
100.8,0.80049648
100.9,0.80049648
101,0.80049648
101.1,0.80049648
101.2,0.80049648
101.3,0.80049648
101.4,0.80049648
101.5,0.80049648
101.6,0.80049648
101.7,0.80049648
101.8,0.80049648
101.9,0.80049648
102,0.80049648
102.1,0.80049648
102.2,0.80049648
102.3,0.80049648
102.4,0.80049648
102.5,0.80049648
102.6,0.80049648
102.7,0.80049648
102.8,0.80049648
102.9,0.80049648
103,0.80049648
103.1,0.80049648
103.2,0.80049648
103.3,0.80049648
103.4,0.80049648
103.5,0.80049648
103.6,0.80049648
103.7,0.80049648
103.8,0.80049648
103.9,0.80049648
104,0.80049648
104.1,0.80049648
104.2,0.80049648
104.3,0.80049648
104.4,0.80049648
104.5,0.80049648
104.6,0.80049648
104.7,0.80049648
104.8,0.80049648
104.9,0.80049648
105,0.80049648
105.1,0.80049648
105.2,0.80049648
105.3,0.80049648
105.4,0.80049648
105.5,0.80049648
105.6,0.80049648
105.7,0.80049648
105.8,0.80049648
105.9,0.80049648
106,0.80049648
106.1,0.80049648
106.2,0.80049648
106.3,0.80049648
106.4,0.80049648
106.5,0.80049648
106.6,0.80049648
106.7,0.80049648
106.8,0.80049648
106.9,0.80049648
107,0.80049648
107.1,0.80049648
107.2,0.80049648
107.3,0.80049648
107.4,0.80049648
107.5,0.80049648
107.6,0.80049648
107.7,0.80049648
107.8,0.80049648
107.9,0.80049648
108,0.80049648
108.1,0.80049648
108.2,0.80049648
108.3,0.80049648
108.4,0.80049648
108.5,0.80049648
108.6,0.80049648
108.7,0.80049648
108.8,0.80049648
108.9,0.80049648
109,0.80049648
109.1,0.80049648
109.2,0.80049648
109.3,0.80049648
109.4,0.80049648
109.5,0.80049648
109.6,0.80049648
109.7,0.80049648
109.8,0.80049648
109.9,0.80049648
110,0.80049648
110.1,0.80049648
110.2,0.80049648
110.3,0.80049648
110.4,0.80049648
110.5,0.80049648
110.6,0.80049648
110.7,0.80049648
110.8,0.80049648
110.9,0.80049648
111,0.80049648
111.1,0.80049648
111.2,0.80049648
111.3,0.80049648
111.4,0.80049648
111.5,0.80049648
111.6,0.80049648
111.7,0.80049648
111.8,0.80049648
111.9,0.80049648
112,0.80049648
112.1,0.80049648
112.2,0.80049648
112.3,0.80049648
112.4,0.80049648
112.5,0.80049648
112.6,0.80049648
112.7,0.80049648
112.8,0.80049648
112.9,0.80049648
113,0.80049648
113.1,0.80049648
113.2,0.80049648
113.3,0.80049648
113.4,0.80049648
113.5,0.80049648
113.6,0.80049648
113.7,0.80049648
113.8,0.80049648
113.9,0.80049648
114,0.80049648
114.1,0.80049648
114.2,0.80049648
114.3,0.80049648
114.4,0.80049648
114.5,0.80049648
114.6,0.80049648
114.7,0.80049648
114.8,0.80049648
114.9,0.80049648
115,0.80049648
115.1,0.80049648
115.2,0.80049648
115.3,0.80049648
115.4,0.80049648
115.5,0.80049648
115.6,0.80049648
115.7,0.80049648
115.8,0.80049648
115.9,0.80049648
116,0.80049648
116.1,0.80049648
116.2,0.80049648
116.3,0.80049648
116.4,0.80049648
116.5,0.80049648
116.6,0.80049648
116.7,0.80049648
116.8,0.80049648
116.9,0.80049648
117,0.80049648
117.1,0.80049648
117.2,0.80049648
117.3,0.80049648
117.4,0.80049648
117.5,0.80049648
117.6,0.80049648
117.7,0.80049648
117.8,0.80049648
117.9,0.80049648
118,0.80049648
118.1,0.80049648
118.2,0.80049648
118.3,0.80049648
118.4,0.80049648
118.5,0.80049648
118.6,0.80049648
118.7,0.80049648
118.8,0.80049648
118.9,0.80049648
119,0.80049648
119.1,0.80049648
119.2,0.80049648
119.3,0.80049648
119.4,0.80049648
119.5,0.80049648
119.6,0.80049648
119.7,0.80049648
119.8,0.80049648
119.9,0.80049648
120,0.80049648
120.1,0.80049648
120.2,0.80049648
120.3,0.80049648
120.4,0.80049648
120.5,0.80049648
120.6,0.80049648
120.7,0.80049648
120.8,0.80049648
120.9,0.80049648
121,0.80049648
121.1,0.80049648
121.2,0.80049648
121.3,0.80049648
121.4,0.80049648
121.5,0.80049648
121.6,0.80049648
121.7,0.80049648
121.8,0.80049648
121.9,0.80049648
122,0.80049648
122.1,0.80049648
122.2,0.80049648
122.3,0.80049648
122.4,0.80049648
122.5,0.80049648
122.6,0.80049648
122.7,0.80049648
122.8,0.80049648
122.9,0.80049648
123,0.80049648
123.1,0.80049648
123.2,0.80049648
123.3,0.80049648
123.4,0.80049648
123.5,0.80049648
123.6,0.80049648
123.7,0.80049648
123.8,0.80049648
123.9,0.80049648
124,0.80049648
124.1,0.80049648
124.2,0.80049648
124.3,0.80049648
124.4,0.80049648
124.5,0.80049648
124.6,0.80049648
124.7,0.80049648
124.8,0.80049648
124.9,0.80049648
125,0.80049648
125.1,0.80049648
125.2,0.80049648
125.3,0.80049648
125.4,0.80049648
125.5,0.80049648
125.6,0.80049648
125.7,0.80049648
125.8,0.80049648
125.9,0.80049648
126,0.80049648
126.1,0.80049648
126.2,0.80049648
126.3,0.80049648
126.4,0.80049648
126.5,0.80049648
126.6,0.80049648
126.7,0.80049648
126.8,0.80049648
126.9,0.80049648
127,0.80049648
127.1,0.80049648
127.2,0.80049648
127.3,0.80049648
127.4,0.80049648
127.5,0.80049648
127.6,0.80049648
127.7,0.80049648
127.8,0.80049648
127.9,0.80049648
128,0.80049648
128.1,0.80049648
128.2,0.80049648
128.3,0.80049648
128.4,0.80049648
128.5,0.80049648
128.6,0.80049648
128.7,0.80049648
128.8,0.80049648
128.9,0.80049648
129,0.80049648
129.1,0.80049648
129.2,0.80049648
129.3,0.80049648
129.4,0.80049648
129.5,0.80049648
129.6,0.80049648
129.7,0.80049648
129.8,0.80049648
129.9,0.80049648
130,0.80049648
130.1,0.80049648
130.2,0.80049648
130.3,0.80049648
130.4,0.80049648
130.5,0.80049648
130.6,0.80049648
130.7,0.80049648
130.8,0.80049648
130.9,0.80049648
131,0.80049648
